0,0,0,0,0,0
0,0,-2.4629e-05,0,0,-0.0049258
0,0,-9.8859e-05,3.6762e-21,-4.4055e-21,-0.0099202
2.0947e-22,-2.5103e-22,-0.00022338,5.4879e-20,-6.5761e-20,-0.014983
1.4492e-21,-1.7365e-21,-0.00039886,2.3036e-19,-2.76e-19,-0.020114
5.3077e-21,-6.3592e-21,-0.000626,6.0706e-19,-7.2723e-19,-0.025314
1.4143e-20,-1.6943e-20,-0.00090547,1.2621e-18,-1.5118e-18,-0.030581
3.1086e-20,-3.7235e-20,-0.001238,2.273e-18,-2.722e-18,-0.035916
6.0038e-20,-7.1906e-20,-0.0016241,3.717e-18,-4.4507e-18,-0.041319
1.0568e-19,-1.2655e-19,-0.0020647,5.6722e-18,-6.7907e-18,-0.046789
1.7347e-19,-2.0771e-19,-0.0025603,8.2163e-18,-9.8349e-18,-0.052327
2.6964e-19,-3.2282e-19,-0.0031116,1.1428e-17,-1.3676e-17,-0.057932
4.0122e-19,-4.8028e-19,-0.0037192,1.5384e-17,-1.8409e-17,-0.063604
5.76e-19,-6.8941e-19,-0.004384,2.0165e-17,-2.4125e-17,-0.069343
8.0257e-19,-9.6047e-19,-0.0051064,2.5848e-17,-3.092e-17,-0.075149
1.0903e-18,-1.3046e-18,-0.0058873,3.2514e-17,-3.8887e-17,-0.081021
1.4494e-18,-1.7341e-18,-0.0067272,4.0239e-17,-4.8119e-17,-0.086959
1.8907e-18,-2.2618e-18,-0.0076268,4.9105e-17,-5.8712e-17,-0.092964
2.4261e-18,-2.9019e-18,-0.0085868,5.9191e-17,-7.0759e-17,-0.099034
3.0681e-18,-3.6693e-18,-0.0096078,7.0576e-17,-8.4355e-17,-0.10517
3.83e-18,-4.5799e-18,-0.010691,8.334e-17,-9.9594e-17,-0.11137
4.726e-18,-5.6506e-18,-0.011836,9.7564e-17,-1.1657e-16,-0.11764
5.771e-18,-6.8991e-18,-0.013044,1.1333e-16,-1.3538e-16,-0.12397
6.9807e-18,-8.3442e-18,-0.014315,1.3071e-16,-1.5613e-16,-0.13037
8.3717e-18,-1.0006e-17,-0.015651,1.4979e-16,-1.7889e-16,-0.13683
9.9614e-18,-1.1904e-17,-0.017052,1.7066e-16,-2.0378e-16,-0.14336
1.1768e-17,-1.4061e-17,-0.018519,1.9339e-16,-2.3088e-16,-0.14995
1.381e-17,-1.6499e-17,-0.020052,2.1806e-16,-2.6029e-16,-0.15661
1.6108e-17,-1.9242e-17,-0.021651,2.4475e-16,-2.9211e-16,-0.16333
1.8682e-17,-2.2314e-17,-0.023318,2.7355e-16,-3.2643e-16,-0.17011
2.1554e-17,-2.574e-17,-0.025054,3.0455e-16,-3.6335e-16,-0.17696
2.4745e-17,-2.9548e-17,-0.026858,3.3781e-16,-4.0297e-16,-0.18387
2.828e-17,-3.3763e-17,-0.028731,3.7342e-16,-4.4538e-16,-0.19084
3.2181e-17,-3.8416e-17,-0.030675,4.1147e-16,-4.9068e-16,-0.19787
3.6473e-17,-4.3535e-17,-0.032689,4.5203e-16,-5.3896e-16,-0.20497
4.1183e-17,-4.915e-17,-0.034775,4.9519e-16,-5.9033e-16,-0.21214
4.6336e-17,-5.5292e-17,-0.036932,5.4104e-16,-6.4488e-16,-0.21936
5.1959e-17,-6.1994e-17,-0.039162,5.8965e-16,-7.0271e-16,-0.22664
5.8081e-17,-6.929e-17,-0.041465,6.4111e-16,-7.6392e-16,-0.23399
6.473e-17,-7.7212e-17,-0.043842,6.955e-16,-8.2859e-16,-0.2414
7.1936e-17,-8.5797e-17,-0.046294,7.5291e-16,-8.9684e-16,-0.24887
7.9729e-17,-9.5079e-17,-0.04882,8.1341e-16,-9.6875e-16,-0.2564
8.8142e-17,-1.051e-16,-0.051422,8.771e-16,-1.0444e-15,-0.26399
9.7205e-17,-1.1589e-16,-0.0541,9.4405e-16,-1.124e-15,-0.27165
1.0695e-16,-1.2749e-16,-0.056855,1.0144e-15,-1.2075e-15,-0.27936
1.1742e-16,-1.3995e-16,-0.059688,1.0881e-15,-1.2951e-15,-0.28713
1.2864e-16,-1.533e-16,-0.062598,1.1653e-15,-1.3868e-15,-0.29497
1.4064e-16,-1.6759e-16,-0.065587,1.2462e-15,-1.4828e-15,-0.30286
1.5347e-16,-1.8286e-16,-0.068656,1.3308e-15,-1.5831e-15,-0.31081
1.6716e-16,-1.9914e-16,-0.071804,1.4191e-15,-1.6879e-15,-0.31882
1.8176e-16,-2.165e-16,-0.075033,1.5113e-15,-1.7973e-15,-0.32689
1.9729e-16,-2.3497e-16,-0.078342,1.6074e-15,-1.9113e-15,-0.33502
2.138e-16,-2.546e-16,-0.081733,1.7075e-15,-2.0301e-15,-0.34321
2.3133e-16,-2.7544e-16,-0.085207,1.8118e-15,-2.1537e-15,-0.35145
2.4991e-16,-2.9753e-16,-0.088763,1.9203e-15,-2.2823e-15,-0.35975
2.6961e-16,-3.2094e-16,-0.092402,2.033e-15,-2.4159e-15,-0.36811
2.9044e-16,-3.457e-16,-0.096125,2.1501e-15,-2.5547e-15,-0.37653
3.1247e-16,-3.7187e-16,-0.099933,2.2717e-15,-2.6987e-15,-0.385
3.3574e-16,-3.9951e-16,-0.10383,2.3978e-15,-2.8481e-15,-0.39354
3.6028e-16,-4.2866e-16,-0.1078,2.5286e-15,-3.0029e-15,-0.40212
3.8615e-16,-4.5938e-16,-0.11187,2.664e-15,-3.1633e-15,-0.41077
4.134e-16,-4.9173e-16,-0.11602,2.8043e-15,-3.3293e-15,-0.41946
4.4207e-16,-5.2577e-16,-0.12026,2.9495e-15,-3.5011e-15,-0.42822
4.7222e-16,-5.6155e-16,-0.12458,3.0996e-15,-3.6788e-15,-0.43703
5.0388e-16,-5.9913e-16,-0.129,3.2548e-15,-3.8624e-15,-0.44589
5.3712e-16,-6.3858e-16,-0.1335,3.4152e-15,-4.052e-15,-0.45481
5.7199e-16,-6.7994e-16,-0.1381,3.5807e-15,-4.2478e-15,-0.46378
6.0854e-16,-7.233e-16,-0.14278,3.7517e-15,-4.4499e-15,-0.47281
6.4681e-16,-7.6869e-16,-0.14755,3.928e-15,-4.6583e-15,-0.48189
6.8688e-16,-8.162e-16,-0.15242,4.1098e-15,-4.8732e-15,-0.49103
7.2878e-16,-8.6589e-16,-0.15737,4.2972e-15,-5.0946e-15,-0.50022
7.7259e-16,-9.1782e-16,-0.16242,4.4903e-15,-5.3227e-15,-0.50946
8.1834e-16,-9.7206e-16,-0.16756,4.6891e-15,-5.5576e-15,-0.51875
8.6612e-16,-1.0287e-15,-0.1728,4.8938e-15,-5.7993e-15,-0.52809
9.1596e-16,-1.0877e-15,-0.17812,5.1045e-15,-6.048e-15,-0.53749
9.6793e-16,-1.1493e-15,-0.18355,5.3211e-15,-6.3037e-15,-0.54694
1.0221e-15,-1.2135e-15,-0.18906,5.5439e-15,-6.5666e-15,-0.55644
1.0785e-15,-1.2803e-15,-0.19468,5.7729e-15,-6.8368e-15,-0.56599
1.1373e-15,-1.3499e-15,-0.20038,6.0081e-15,-7.1144e-15,-0.57559
1.1984e-15,-1.4222e-15,-0.20619,6.2498e-15,-7.3994e-15,-0.58524
1.2619e-15,-1.4975e-15,-0.21209,6.4979e-15,-7.692e-15,-0.59495
1.328e-15,-1.5757e-15,-0.21809,6.7526e-15,-7.9923e-15,-0.6047
1.3967e-15,-1.6569e-15,-0.22418,7.0139e-15,-8.3003e-15,-0.6145
1.4679e-15,-1.7413e-15,-0.23038,7.282e-15,-8.6163e-15,-0.62435
1.5419e-15,-1.8289e-15,-0.23667,7.5569e-15,-8.9402e-15,-0.63425
1.6187e-15,-1.9197e-15,-0.24306,7.8387e-15,-9.2722e-15,-0.64419
1.6983e-15,-2.0139e-15,-0.24955,8.1275e-15,-9.6123e-15,-0.65419
1.7809e-15,-2.1115e-15,-0.25615,8.4234e-15,-9.9608e-15,-0.66423
1.8664e-15,-2.2126e-15,-0.26284,8.7265e-15,-1.0318e-14,-0.67432
1.955e-15,-2.3173e-15,-0.26963,9.0368e-15,-1.0683e-14,-0.68446
2.0467e-15,-2.4258e-15,-0.27653,9.3545e-15,-1.1057e-14,-0.69464
2.1416e-15,-2.538e-15,-0.28353,9.6797e-15,-1.144e-14,-0.70487
2.2399e-15,-2.654e-15,-0.29063,1.0012e-14,-1.1831e-14,-0.71514
2.3414e-15,-2.774e-15,-0.29783,1.0353e-14,-1.2231e-14,-0.72546
2.4464e-15,-2.8981e-15,-0.30514,1.0701e-14,-1.2641e-14,-0.73583
2.555e-15,-3.0263e-15,-0.31255,1.1057e-14,-1.3059e-14,-0.74624
2.6671e-15,-3.1587e-15,-0.32006,1.142e-14,-1.3487e-14,-0.7567
2.7829e-15,-3.2954e-15,-0.32768,1.1792e-14,-1.3924e-14,-0.7672
2.9024e-15,-3.4366e-15,-0.3354,1.2172e-14,-1.437e-14,-0.77774
3.0258e-15,-3.5822e-15,-0.34323,1.256e-14,-1.4826e-14,-0.78833
3.153e-15,-3.7324e-15,-0.35117,1.2956e-14,-1.5292e-14,-0.79896
3.2843e-15,-3.8874e-15,-0.35921,1.3361e-14,-1.5767e-14,-0.80963
3.4197e-15,-4.0471e-15,-0.36736,1.3774e-14,-1.6252e-14,-0.82034
3.5592e-15,-4.2117e-15,-0.37562,1.4195e-14,-1.6747e-14,-0.8311
3.703e-15,-4.3813e-15,-0.38399,1.4626e-14,-1.7252e-14,-0.8419
3.8511e-15,-4.556e-15,-0.39246,1.5064e-14,-1.7767e-14,-0.85274
4.0036e-15,-4.7359e-15,-0.40104,1.5512e-14,-1.8292e-14,-0.86362
4.1607e-15,-4.9211e-15,-0.40973,1.5969e-14,-1.8828e-14,-0.87454
4.3223e-15,-5.1117e-15,-0.41853,1.6434e-14,-1.9374e-14,-0.8855
4.4887e-15,-5.3078e-15,-0.42744,1.6909e-14,-1.9931e-14,-0.8965
4.6598e-15,-5.5095e-15,-0.43646,1.7393e-14,-2.0498e-14,-0.90754
4.8358e-15,-5.717e-15,-0.44559,1.7886e-14,-2.1076e-14,-0.91862
5.0168e-15,-5.9302e-15,-0.45483,1.8388e-14,-2.1665e-14,-0.92974
5.2028e-15,-6.1494e-15,-0.46419,1.89e-14,-2.2265e-14,-0.9409
5.394e-15,-6.3746e-15,-0.47365,1.9421e-14,-2.2876e-14,-0.95209
5.5905e-15,-6.606e-15,-0.48323,1.9952e-14,-2.3498e-14,-0.96332
5.7923e-15,-6.8437e-15,-0.49292,2.0493e-14,-2.4131e-14,-0.97459
5.9995e-15,-7.0877e-15,-0.50272,2.1044e-14,-2.4776e-14,-0.98589
6.2123e-15,-7.3382e-15,-0.51264,2.1604e-14,-2.5432e-14,-0.99723
6.4308e-15,-7.5953e-15,-0.52267,2.2174e-14,-2.61e-14,-1.0086
6.6549e-15,-7.8592e-15,-0.53281,2.2755e-14,-2.6779e-14,-1.02
6.885e-15,-8.1299e-15,-0.54307,2.3345e-14,-2.7471e-14,-1.0315
7.1209e-15,-8.4076e-15,-0.55344,2.3946e-14,-2.8174e-14,-1.043
7.363e-15,-8.6923e-15,-0.56393,2.4557e-14,-2.8889e-14,-1.0545
7.6111e-15,-8.9843e-15,-0.57453,2.5179e-14,-2.9616e-14,-1.066
7.8656e-15,-9.2835e-15,-0.58525,2.5811e-14,-3.0355e-14,-1.0776
8.1264e-15,-9.5902e-15,-0.59608,2.6453e-14,-3.1106e-14,-1.0892
8.3936e-15,-9.9045e-15,-0.60703,2.7107e-14,-3.187e-14,-1.1009
8.6675e-15,-1.0226e-14,-0.6181,2.7771e-14,-3.2647e-14,-1.1126
8.948e-15,-1.0556e-14,-0.62928,2.8446e-14,-3.3436e-14,-1.1243
9.2354e-15,-1.0894e-14,-0.64058,2.9132e-14,-3.4237e-14,-1.136
9.5296e-15,-1.124e-14,-0.652,2.9829e-14,-3.5052e-14,-1.1478
9.8308e-15,-1.1594e-14,-0.66354,3.0537e-14,-3.5879e-14,-1.1596
1.0139e-14,-1.1956e-14,-0.6752,3.1257e-14,-3.672e-14,-1.1714
1.0455e-14,-1.2327e-14,-0.68697,3.1988e-14,-3.7573e-14,-1.1833
1.0778e-14,-1.2706e-14,-0.69886,3.273e-14,-3.844e-14,-1.1952
1.1108e-14,-1.3094e-14,-0.71087,3.3484e-14,-3.932e-14,-1.2071
1.1446e-14,-1.3491e-14,-0.723,3.4249e-14,-4.0213e-14,-1.2191
1.1792e-14,-1.3897e-14,-0.73525,3.5026e-14,-4.112e-14,-1.231
1.2146e-14,-1.4312e-14,-0.74763,3.5815e-14,-4.204e-14,-1.2431
1.2507e-14,-1.4736e-14,-0.76012,3.6616e-14,-4.2974e-14,-1.2551
1.2877e-14,-1.517e-14,-0.77273,3.7428e-14,-4.3922e-14,-1.2672
1.3254e-14,-1.5613e-14,-0.78546,3.8253e-14,-4.4884e-14,-1.2792
1.364e-14,-1.6066e-14,-0.79831,3.909e-14,-4.586e-14,-1.2914
1.4035e-14,-1.6529e-14,-0.81129,3.9939e-14,-4.685e-14,-1.3035
1.4438e-14,-1.7002e-14,-0.82438,4.0801e-14,-4.7854e-14,-1.3157
1.4849e-14,-1.7484e-14,-0.8376,4.1674e-14,-4.8872e-14,-1.3279
1.527e-14,-1.7977e-14,-0.85094,4.2561e-14,-4.9905e-14,-1.3401
1.5699e-14,-1.8481e-14,-0.8644,4.346e-14,-5.0952e-14,-1.3523
1.6138e-14,-1.8995e-14,-0.87799,4.4371e-14,-5.2014e-14,-1.3646
1.6585e-14,-1.9519e-14,-0.89169,4.5296e-14,-5.3091e-14,-1.3769
1.7042e-14,-2.0055e-14,-0.90552,4.6233e-14,-5.4182e-14,-1.3892
1.7508e-14,-2.0601e-14,-0.91948,4.7183e-14,-5.5289e-14,-1.4015
1.7984e-14,-2.1159e-14,-0.93355,4.8146e-14,-5.641e-14,-1.4139
1.8469e-14,-2.1728e-14,-0.94775,4.9123e-14,-5.7546e-14,-1.4262
1.8965e-14,-2.2308e-14,-0.96208,5.0112e-14,-5.8698e-14,-1.4386
1.947e-14,-2.29e-14,-0.97653,5.1115e-14,-5.9865e-14,-1.451
1.9985e-14,-2.3503e-14,-0.9911,5.2131e-14,-6.1047e-14,-1.4635
2.0511e-14,-2.4119e-14,-1.0058,5.3161e-14,-6.2245e-14,-1.4759
2.1047e-14,-2.4746e-14,-1.0206,5.4204e-14,-6.3458e-14,-1.4884
2.1593e-14,-2.5386e-14,-1.0356,5.5261e-14,-6.4688e-14,-1.5009
2.215e-14,-2.6038e-14,-1.0506,5.6332e-14,-6.5932e-14,-1.5134
2.2718e-14,-2.6702e-14,-1.0658,5.7416e-14,-6.7193e-14,-1.5259
2.3297e-14,-2.738e-14,-1.0812,5.8515e-14,-6.847e-14,-1.5385
2.3887e-14,-2.807e-14,-1.0966,5.9627e-14,-6.9763e-14,-1.551
2.4487e-14,-2.8773e-14,-1.1122,6.0754e-14,-7.1072e-14,-1.5636
2.51e-14,-2.9489e-14,-1.1279,6.1894e-14,-7.2397e-14,-1.5762
2.5723e-14,-3.0218e-14,-1.1437,6.3049e-14,-7.3739e-14,-1.5888
2.6359e-14,-3.0961e-14,-1.1597,6.4219e-14,-7.5097e-14,-1.6014
2.7006e-14,-3.1718e-14,-1.1757,6.5402e-14,-7.6472e-14,-1.6141
2.7665e-14,-3.2488e-14,-1.1919,6.6601e-14,-7.7863e-14,-1.6267
2.8336e-14,-3.3273e-14,-1.2083,6.7814e-14,-7.9271e-14,-1.6394
2.9019e-14,-3.4072e-14,-1.2247,6.9041e-14,-8.0697e-14,-1.6521
2.9714e-14,-3.4884e-14,-1.2413,7.0284e-14,-8.2139e-14,-1.6648
3.0422e-14,-3.5712e-14,-1.258,7.1541e-14,-8.3598e-14,-1.6775
3.1143e-14,-3.6554e-14,-1.2749,7.2813e-14,-8.5074e-14,-1.6902
3.1876e-14,-3.7411e-14,-1.2918,7.41e-14,-8.6567e-14,-1.7029
3.2623e-14,-3.8283e-14,-1.3089,7.5403e-14,-8.8078e-14,-1.7157
3.3382e-14,-3.917e-14,-1.3261,7.6721e-14,-8.9606e-14,-1.7284
3.4155e-14,-4.0072e-14,-1.3435,7.8054e-14,-9.1152e-14,-1.7412
3.4941e-14,-4.099e-14,-1.361,7.9402e-14,-9.2716e-14,-1.7539
3.5741e-14,-4.1924e-14,-1.3786,8.0766e-14,-9.4297e-14,-1.7667
3.6554e-14,-4.2873e-14,-1.3963,8.2145e-14,-9.5896e-14,-1.7795
3.7381e-14,-4.3839e-14,-1.4142,8.354e-14,-9.7513e-14,-1.7923
3.8222e-14,-4.4821e-14,-1.4321,8.4951e-14,-9.9147e-14,-1.8051
3.9078e-14,-4.5819e-14,-1.4503,8.6378e-14,-1.008e-13,-1.8179
3.9947e-14,-4.6834e-14,-1.4685,8.782e-14,-1.0247e-13,-1.8307
4.0831e-14,-4.7865e-14,-1.4869,8.9279e-14,-1.0416e-13,-1.8436
4.173e-14,-4.8914e-14,-1.5054,9.0753e-14,-1.0587e-13,-1.8564
4.2644e-14,-4.998e-14,-1.524,9.2244e-14,-1.076e-13,-1.8692
4.3572e-14,-5.1063e-14,-1.5428,9.3751e-14,-1.0934e-13,-1.8821
4.4516e-14,-5.2164e-14,-1.5616,9.5274e-14,-1.111e-13,-1.8949
4.5475e-14,-5.3282e-14,-1.5807,9.6814e-14,-1.1289e-13,-1.9078
4.645e-14,-5.4418e-14,-1.5998,9.837e-14,-1.1469e-13,-1.9206
4.744e-14,-5.5572e-14,-1.6191,9.9943e-14,-1.1651e-13,-1.9335
4.8446e-14,-5.6745e-14,-1.6385,1.0153e-13,-1.1835e-13,-1.9464
4.9468e-14,-5.7936e-14,-1.658,1.0314e-13,-1.202e-13,-1.9592
5.0506e-14,-5.9146e-14,-1.6776,1.0476e-13,-1.2208e-13,-1.9721
5.156e-14,-6.0374e-14,-1.6974,1.064e-13,-1.2398e-13,-1.9849
5.2631e-14,-6.1622e-14,-1.7173,1.0806e-13,-1.2589e-13,-1.9978
5.3718e-14,-6.2889e-14,-1.7374,1.0973e-13,-1.2783e-13,-2.0107
5.4822e-14,-6.4175e-14,-1.7576,1.1142e-13,-1.2979e-13,-2.0235
5.5943e-14,-6.5481e-14,-1.7779,1.1313e-13,-1.3176e-13,-2.0364
5.7082e-14,-6.6807e-14,-1.7983,1.1486e-13,-1.3376e-13,-2.0493
5.8237e-14,-6.8153e-14,-1.8188,1.166e-13,-1.3577e-13,-2.0621
5.9411e-14,-6.9519e-14,-1.8395,1.1836e-13,-1.378e-13,-2.075
6.0601e-14,-7.0905e-14,-1.8603,1.2014e-13,-1.3986e-13,-2.0879
6.181e-14,-7.2312e-14,-1.8813,1.2193e-13,-1.4193e-13,-2.1007
6.3037e-14,-7.374e-14,-1.9024,1.2375e-13,-1.4403e-13,-2.1136
6.4282e-14,-7.5189e-14,-1.9236,1.2558e-13,-1.4614e-13,-2.1264
6.5545e-14,-7.6659e-14,-1.9449,1.2743e-13,-1.4828e-13,-2.1393
6.6827e-14,-7.815e-14,-1.9663,1.2929e-13,-1.5043e-13,-2.1521
6.8127e-14,-7.9664e-14,-1.9879,1.3118e-13,-1.5261e-13,-2.165
6.9447e-14,-8.1199e-14,-2.0096,1.3308e-13,-1.5481e-13,-2.1778
7.0786e-14,-8.2756e-14,-2.0315,1.35e-13,-1.5703e-13,-2.1906
7.2144e-14,-8.4335e-14,-2.0535,1.3694e-13,-1.5926e-13,-2.2035
7.3521e-14,-8.5937e-14,-2.0756,1.389e-13,-1.6152e-13,-2.2163
7.4918e-14,-8.7562e-14,-2.0978,1.4088e-13,-1.638e-13,-2.2291
7.6335e-14,-8.9209e-14,-2.1201,1.4287e-13,-1.6611e-13,-2.2419
7.7772e-14,-9.0879e-14,-2.1426,1.4489e-13,-1.6843e-13,-2.2547
7.9229e-14,-9.2573e-14,-2.1652,1.4692e-13,-1.7077e-13,-2.2674
8.0706e-14,-9.4291e-14,-2.188,1.4897e-13,-1.7314e-13,-2.2802
8.2204e-14,-9.6032e-14,-2.2108,1.5104e-13,-1.7552e-13,-2.293
8.3723e-14,-9.7797e-14,-2.2338,1.5313e-13,-1.7793e-13,-2.3057
8.5263e-14,-9.9586e-14,-2.2569,1.5523e-13,-1.8036e-13,-2.3185
8.6824e-14,-1.014e-13,-2.2802,1.5736e-13,-1.8281e-13,-2.3312
8.8406e-14,-1.0324e-13,-2.3036,1.5951e-13,-1.8529e-13,-2.3439
9.001e-14,-1.051e-13,-2.3271,1.6167e-13,-1.8778e-13,-2.3566
9.1635e-14,-1.0699e-13,-2.3507,1.6385e-13,-1.903e-13,-2.3693
9.3283e-14,-1.089e-13,-2.3745,1.6606e-13,-1.9284e-13,-2.382
9.4952e-14,-1.1084e-13,-2.3983,1.6828e-13,-1.954e-13,-2.3947
9.6644e-14,-1.1281e-13,-2.4224,1.7052e-13,-1.9798e-13,-2.4074
9.8359e-14,-1.148e-13,-2.4465,1.7279e-13,-2.0059e-13,-2.42
1.001e-13,-1.1681e-13,-2.4708,1.7507e-13,-2.0322e-13,-2.4326
1.0186e-13,-1.1885e-13,-2.4951,1.7737e-13,-2.0587e-13,-2.4452
1.0364e-13,-1.2092e-13,-2.5197,1.7969e-13,-2.0854e-13,-2.4578
1.0545e-13,-1.2302e-13,-2.5443,1.8203e-13,-2.1123e-13,-2.4704
1.0727e-13,-1.2514e-13,-2.5691,1.8439e-13,-2.1395e-13,-2.483
1.0913e-13,-1.2729e-13,-2.594,1.8677e-13,-2.1669e-13,-2.4955
1.1101e-13,-1.2947e-13,-2.619,1.8917e-13,-2.1946e-13,-2.5081
1.1291e-13,-1.3168e-13,-2.6441,1.9159e-13,-2.2224e-13,-2.5206
1.1483e-13,-1.3391e-13,-2.6694,1.9403e-13,-2.2505e-13,-2.5331
1.1678e-13,-1.3617e-13,-2.6948,1.965e-13,-2.2789e-13,-2.5456
1.1876e-13,-1.3846e-13,-2.7203,1.9898e-13,-2.3074e-13,-2.558
1.2076e-13,-1.4078e-13,-2.7459,2.0148e-13,-2.3362e-13,-2.5705
1.2278e-13,-1.4313e-13,-2.7717,2.04e-13,-2.3652e-13,-2.5829
1.2483e-13,-1.4551e-13,-2.7976,2.0655e-13,-2.3945e-13,-2.5953
1.2691e-13,-1.4792e-13,-2.8236,2.0911e-13,-2.424e-13,-2.6077
1.2901e-13,-1.5035e-13,-2.8498,2.1169e-13,-2.4537e-13,-2.62
1.3114e-13,-1.5282e-13,-2.876,2.143e-13,-2.4836e-13,-2.6324
1.3329e-13,-1.5531e-13,-2.9024,2.1693e-13,-2.5138e-13,-2.6447
1.3547e-13,-1.5784e-13,-2.9289,2.1957e-13,-2.5443e-13,-2.657
1.3768e-13,-1.604e-13,-2.9555,2.2224e-13,-2.575e-13,-2.6692
1.3991e-13,-1.6298e-13,-2.9823,2.2493e-13,-2.6059e-13,-2.6815
1.4217e-13,-1.656e-13,-3.0092,2.2764e-13,-2.637e-13,-2.6937
1.4446e-13,-1.6825e-13,-3.0362,2.3037e-13,-2.6684e-13,-2.7059
1.4677e-13,-1.7093e-13,-3.0633,2.3312e-13,-2.7e-13,-2.7181
1.4912e-13,-1.7364e-13,-3.0905,2.359e-13,-2.7319e-13,-2.7302
1.5149e-13,-1.7639e-13,-3.1179,2.3869e-13,-2.764e-13,-2.7424
1.5388e-13,-1.7917e-13,-3.1454,2.4151e-13,-2.7964e-13,-2.7545
1.5631e-13,-1.8198e-13,-3.173,2.4435e-13,-2.829e-13,-2.7665
1.5877e-13,-1.8482e-13,-3.2007,2.4721e-13,-2.8618e-13,-2.7786
1.6125e-13,-1.8769e-13,-3.2286,2.5009e-13,-2.8949e-13,-2.7906
1.6376e-13,-1.906e-13,-3.2565,2.5299e-13,-2.9283e-13,-2.8026
1.663e-13,-1.9354e-13,-3.2846,2.5592e-13,-2.9619e-13,-2.8145
1.6887e-13,-1.9652e-13,-3.3128,2.5886e-13,-2.9957e-13,-2.8265
1.7148e-13,-1.9953e-13,-3.3411,2.6183e-13,-3.0298e-13,-2.8384
1.7411e-13,-2.0257e-13,-3.3696,2.6482e-13,-3.0641e-13,-2.8502
1.7677e-13,-2.0565e-13,-3.3981,2.6784e-13,-3.0987e-13,-2.8621
1.7946e-13,-2.0876e-13,-3.4268,2.7087e-13,-3.1335e-13,-2.8739
1.8218e-13,-2.1191e-13,-3.4556,2.7393e-13,-3.1686e-13,-2.8857
1.8493e-13,-2.1509e-13,-3.4845,2.7701e-13,-3.204e-13,-2.8974
1.8771e-13,-2.1831e-13,-3.5136,2.8011e-13,-3.2396e-13,-2.9092
1.9052e-13,-2.2157e-13,-3.5427,2.8323e-13,-3.2754e-13,-2.9209
1.9337e-13,-2.2486e-13,-3.572,2.8638e-13,-3.3115e-13,-2.9325
1.9625e-13,-2.2818e-13,-3.6014,2.8955e-13,-3.3479e-13,-2.9441
1.9915e-13,-2.3154e-13,-3.6309,2.9274e-13,-3.3845e-13,-2.9557
2.0209e-13,-2.3494e-13,-3.6605,2.9595e-13,-3.4213e-13,-2.9673
2.0507e-13,-2.3838e-13,-3.6902,2.9919e-13,-3.4585e-13,-2.9788
2.0807e-13,-2.4185e-13,-3.7201,3.0245e-13,-3.4958e-13,-2.9903
2.1111e-13,-2.4536e-13,-3.75,3.0573e-13,-3.5335e-13,-3.0018
2.1418e-13,-2.4891e-13,-3.7801,3.0903e-13,-3.5714e-13,-3.0132
2.1728e-13,-2.525e-13,-3.8103,3.1236e-13,-3.6095e-13,-3.0246
2.2042e-13,-2.5612e-13,-3.8406,3.1571e-13,-3.6479e-13,-3.0359
2.2359e-13,-2.5979e-13,-3.871,3.1909e-13,-3.6866e-13,-3.0472
2.268e-13,-2.6349e-13,-3.9015,3.2248e-13,-3.7255e-13,-3.0585
2.3003e-13,-2.6723e-13,-3.9322,3.259e-13,-3.7647e-13,-3.0698
2.3331e-13,-2.7101e-13,-3.9629,3.2935e-13,-3.8042e-13,-3.081
2.3661e-13,-2.7483e-13,-3.9938,3.3281e-13,-3.8439e-13,-3.0921
2.3996e-13,-2.7869e-13,-4.0248,3.363e-13,-3.8839e-13,-3.1033
2.4333e-13,-2.8259e-13,-4.0559,3.3981e-13,-3.9242e-13,-3.1143
2.4675e-13,-2.8653e-13,-4.0871,3.4335e-13,-3.9647e-13,-3.1254
2.5019e-13,-2.9051e-13,-4.1184,3.4691e-13,-4.0055e-13,-3.1364
2.5368e-13,-2.9454e-13,-4.1498,3.5049e-13,-4.0465e-13,-3.1474
2.572e-13,-2.986e-13,-4.1813,3.541e-13,-4.0878e-13,-3.1583
2.6075e-13,-3.027e-13,-4.2129,3.5773e-13,-4.1294e-13,-3.1692
2.6434e-13,-3.0685e-13,-4.2447,3.6138e-13,-4.1713e-13,-3.18
2.6797e-13,-3.1104e-13,-4.2765,3.6506e-13,-4.2134e-13,-3.1909
2.7164e-13,-3.1527e-13,-4.3085,3.6876e-13,-4.2558e-13,-3.2016
2.7534e-13,-3.1954e-13,-4.3406,3.7249e-13,-4.2984e-13,-3.2123
2.7908e-13,-3.2386e-13,-4.3728,3.7623e-13,-4.3414e-13,-3.223
2.8286e-13,-3.2822e-13,-4.405,3.8001e-13,-4.3846e-13,-3.2337
2.8667e-13,-3.3262e-13,-4.4374,3.838e-13,-4.4281e-13,-3.2443
2.9053e-13,-3.3706e-13,-4.4699,3.8762e-13,-4.4718e-13,-3.2548
2.9442e-13,-3.4155e-13,-4.5025,3.9147e-13,-4.5158e-13,-3.2653
2.9835e-13,-3.4609e-13,-4.5352,3.9534e-13,-4.5601e-13,-3.2758
3.0232e-13,-3.5066e-13,-4.568,3.9923e-13,-4.6047e-13,-3.2862
3.0632e-13,-3.5529e-13,-4.601,4.0315e-13,-4.6495e-13,-3.2966
3.1037e-13,-3.5995e-13,-4.634,4.0709e-13,-4.6946e-13,-3.3069
3.1446e-13,-3.6467e-13,-4.6671,4.1106e-13,-4.74e-13,-3.3172
3.1859e-13,-3.6942e-13,-4.7003,4.1505e-13,-4.7857e-13,-3.3274
3.2275e-13,-3.7423e-13,-4.7336,4.1906e-13,-4.8317e-13,-3.3376
3.2696e-13,-3.7908e-13,-4.7671,4.231e-13,-4.8779e-13,-3.3478
3.3121e-13,-3.8398e-13,-4.8006,4.2717e-13,-4.9244e-13,-3.3579
3.3549e-13,-3.8892e-13,-4.8342,4.3125e-13,-4.9712e-13,-3.3679
3.3982e-13,-3.9391e-13,-4.868,4.3537e-13,-5.0182e-13,-3.3779
3.4419e-13,-3.9895e-13,-4.9018,4.395e-13,-5.0656e-13,-3.3879
3.486e-13,-4.0403e-13,-4.9357,4.4367e-13,-5.1132e-13,-3.3978
3.5306e-13,-4.0916e-13,-4.9697,4.4785e-13,-5.1611e-13,-3.4076
3.5755e-13,-4.1434e-13,-5.0039,4.5207e-13,-5.2093e-13,-3.4175
3.6209e-13,-4.1957e-13,-5.0381,4.563e-13,-5.2577e-13,-3.4272
3.6667e-13,-4.2485e-13,-5.0724,4.6056e-13,-5.3065e-13,-3.4369
3.7129e-13,-4.3018e-13,-5.1068,4.6485e-13,-5.3555e-13,-3.4466
3.7596e-13,-4.3555e-13,-5.1413,4.6916e-13,-5.4048e-13,-3.4562
3.8067e-13,-4.4098e-13,-5.176,4.735e-13,-5.4544e-13,-3.4657
3.8542e-13,-4.4645e-13,-5.2107,4.7786e-13,-5.5043e-13,-3.4753
3.9022e-13,-4.5197e-13,-5.2455,4.8225e-13,-5.5545e-13,-3.4847
3.9506e-13,-4.5755e-13,-5.2803,4.8666e-13,-5.6049e-13,-3.4941
3.9994e-13,-4.6317e-13,-5.3153,4.911e-13,-5.6556e-13,-3.5035
4.0487e-13,-4.6885e-13,-5.3504,4.9556e-13,-5.7067e-13,-3.5128
4.0984e-13,-4.7458e-13,-5.3856,5.0005e-13,-5.758e-13,-3.522
4.1486e-13,-4.8036e-13,-5.4209,5.0456e-13,-5.8096e-13,-3.5312
4.1993e-13,-4.8619e-13,-5.4562,5.091e-13,-5.8615e-13,-3.5404
4.2503e-13,-4.9207e-13,-5.4917,5.1366e-13,-5.9136e-13,-3.5494
4.3019e-13,-4.98e-13,-5.5272,5.1825e-13,-5.9661e-13,-3.5585
4.3539e-13,-5.0399e-13,-5.5628,5.2287e-13,-6.0188e-13,-3.5675
4.4064e-13,-5.1003e-13,-5.5986,5.2751e-13,-6.0719e-13,-3.5764
4.4593e-13,-5.1612e-13,-5.6344,5.3217e-13,-6.1252e-13,-3.5853
4.5127e-13,-5.2227e-13,-5.6703,5.3687e-13,-6.1788e-13,-3.5941
4.5666e-13,-5.2847e-13,-5.7062,5.4158e-13,-6.2327e-13,-3.6028
4.6209e-13,-5.3472e-13,-5.7423,5.4633e-13,-6.2869e-13,-3.6115
4.6758e-13,-5.4103e-13,-5.7785,5.5109e-13,-6.3414e-13,-3.6202
4.7311e-13,-5.474e-13,-5.8147,5.5589e-13,-6.3962e-13,-3.6288
4.7869e-13,-5.5381e-13,-5.851,5.6071e-13,-6.4513e-13,-3.6373
4.8431e-13,-5.6029e-13,-5.8875,5.6556e-13,-6.5067e-13,-3.6458
4.8999e-13,-5.6682e-13,-5.924,5.7043e-13,-6.5624e-13,-3.6542
4.9571e-13,-5.734e-13,-5.9605,5.7533e-13,-6.6183e-13,-3.6626
5.0148e-13,-5.8004e-13,-5.9972,5.8025e-13,-6.6746e-13,-3.6709
5.0731e-13,-5.8674e-13,-6.034,5.852e-13,-6.7311e-13,-3.6791
5.1318e-13,-5.9349e-13,-6.0708,5.9018e-13,-6.788e-13,-3.6873
5.191e-13,-6.003e-13,-6.1077,5.9518e-13,-6.8451e-13,-3.6954
5.2507e-13,-6.0717e-13,-6.1447,6.0021e-13,-6.9026e-13,-3.7035
5.3109e-13,-6.141e-13,-6.1818,6.0526e-13,-6.9603e-13,-3.7115
5.3717e-13,-6.2108e-13,-6.2189,6.1034e-13,-7.0183e-13,-3.7195
5.4329e-13,-6.2812e-13,-6.2562,6.1545e-13,-7.0767e-13,-3.7274
5.4946e-13,-6.3522e-13,-6.2935,6.2058e-13,-7.1353e-13,-3.7352
5.5569e-13,-6.4238e-13,-6.3309,6.2574e-13,-7.1942e-13,-3.743
5.6197e-13,-6.496e-13,-6.3683,6.3093e-13,-7.2535e-13,-3.7507
5.683e-13,-6.5688e-13,-6.4059,6.3614e-13,-7.313e-13,-3.7584
5.7468e-13,-6.6421e-13,-6.4435,6.4138e-13,-7.3728e-13,-3.766
5.8112e-13,-6.7161e-13,-6.4812,6.4664e-13,-7.433e-13,-3.7735
5.876e-13,-6.7907e-13,-6.519,6.5193e-13,-7.4934e-13,-3.781
5.9414e-13,-6.8659e-13,-6.5568,6.5725e-13,-7.5541e-13,-3.7884
6.0074e-13,-6.9417e-13,-6.5947,6.6259e-13,-7.6152e-13,-3.7957
6.0739e-13,-7.018e-13,-6.6327,6.6797e-13,-7.6765e-13,-3.803
6.1409e-13,-7.0951e-13,-6.6708,6.7336e-13,-7.7381e-13,-3.8102
6.2084e-13,-7.1727e-13,-6.7089,6.7879e-13,-7.8001e-13,-3.8174
6.2765e-13,-7.2509e-13,-6.7472,6.8424e-13,-7.8623e-13,-3.8245
6.3452e-13,-7.3298e-13,-6.7854,6.8972e-13,-7.9249e-13,-3.8315
6.4144e-13,-7.4093e-13,-6.8238,6.9522e-13,-7.9877e-13,-3.8385
6.4841e-13,-7.4894e-13,-6.8622,7.0075e-13,-8.0509e-13,-3.8454
6.5544e-13,-7.5702e-13,-6.9007,7.0631e-13,-8.1143e-13,-3.8523
6.6253e-13,-7.6516e-13,-6.9392,7.1189e-13,-8.1781e-13,-3.859
6.6967e-13,-7.7336e-13,-6.9779,7.175e-13,-8.2422e-13,-3.8658
6.7686e-13,-7.8163e-13,-7.0166,7.2314e-13,-8.3065e-13,-3.8724
6.8412e-13,-7.8996e-13,-7.0553,7.2881e-13,-8.3712e-13,-3.879
6.9143e-13,-7.9836e-13,-7.0941,7.345e-13,-8.4362e-13,-3.8855
6.988e-13,-8.0682e-13,-7.133,7.4022e-13,-8.5015e-13,-3.892
7.0622e-13,-8.1535e-13,-7.172,7.4597e-13,-8.5671e-13,-3.8984
7.1371e-13,-8.2395e-13,-7.211,7.5174e-13,-8.633e-13,-3.9047
7.2125e-13,-8.3261e-13,-7.2501,7.5754e-13,-8.6992e-13,-3.911
7.2884e-13,-8.4133e-13,-7.2892,7.6337e-13,-8.7658e-13,-3.9172
7.365e-13,-8.5012e-13,-7.3284,7.6922e-13,-8.8326e-13,-3.9233
7.4422e-13,-8.5898e-13,-7.3677,7.751e-13,-8.8997e-13,-3.9294
7.5199e-13,-8.6791e-13,-7.407,7.8101e-13,-8.9672e-13,-3.9353
7.5983e-13,-8.769e-13,-7.4464,7.8695e-13,-9.035e-13,-3.9413
7.6772e-13,-8.8597e-13,-7.4858,7.9291e-13,-9.103e-13,-3.9471
7.7567e-13,-8.951e-13,-7.5253,7.989e-13,-9.1714e-13,-3.9529
7.8369e-13,-9.043e-13,-7.5649,8.0492e-13,-9.2401e-13,-3.9587
7.9176e-13,-9.1356e-13,-7.6045,8.1096e-13,-9.3091e-13,-3.9643
7.9989e-13,-9.229e-13,-7.6442,8.1703e-13,-9.3784e-13,-3.9699
8.0809e-13,-9.3231e-13,-7.6839,8.2313e-13,-9.4481e-13,-3.9755
8.1634e-13,-9.4178e-13,-7.7237,8.2926e-13,-9.518e-13,-3.9809
8.2466e-13,-9.5133e-13,-7.7635,8.3541e-13,-9.5882e-13,-3.9863
8.3304e-13,-9.6095e-13,-7.8034,8.416e-13,-9.6588e-13,-3.9916
8.4148e-13,-9.7063e-13,-7.8434,8.4781e-13,-9.7297e-13,-3.9969
8.4998e-13,-9.8039e-13,-7.8833,8.5404e-13,-9.8009e-13,-4.0021
8.5855e-13,-9.9022e-13,-7.9234,8.6031e-13,-9.8724e-13,-4.0072
8.6718e-13,-1.0001e-12,-7.9635,8.666e-13,-9.9442e-13,-4.0123
8.7587e-13,-1.0101e-12,-8.0036,8.7292e-13,-1.0016e-12,-4.0172
8.8462e-13,-1.0201e-12,-8.0438,8.7926e-13,-1.0089e-12,-4.0222
8.9344e-13,-1.0303e-12,-8.0841,8.8564e-13,-1.0162e-12,-4.027
9.0232e-13,-1.0404e-12,-8.1244,8.9204e-13,-1.0235e-12,-4.0318
9.1127e-13,-1.0507e-12,-8.1647,8.9847e-13,-1.0308e-12,-4.0365
9.2028e-13,-1.0611e-12,-8.2051,9.0493e-13,-1.0382e-12,-4.0411
9.2936e-13,-1.0715e-12,-8.2455,9.1141e-13,-1.0456e-12,-4.0457
9.385e-13,-1.0819e-12,-8.286,9.1792e-13,-1.053e-12,-4.0502
9.477e-13,-1.0925e-12,-8.3265,9.2447e-13,-1.0605e-12,-4.0546
9.5697e-13,-1.1031e-12,-8.3671,9.3103e-13,-1.068e-12,-4.059
9.6631e-13,-1.1139e-12,-8.4077,9.3763e-13,-1.0755e-12,-4.0633
9.7571e-13,-1.1246e-12,-8.4484,9.4425e-13,-1.0831e-12,-4.0675
9.8518e-13,-1.1355e-12,-8.4891,9.509e-13,-1.0907e-12,-4.0716
9.9472e-13,-1.1464e-12,-8.5298,9.5758e-13,-1.0983e-12,-4.0757
1.0043e-12,-1.1575e-12,-8.5706,9.6429e-13,-1.1059e-12,-4.0797
1.014e-12,-1.1685e-12,-8.6114,9.7103e-13,-1.1136e-12,-4.0836
1.0237e-12,-1.1797e-12,-8.6523,9.7779e-13,-1.1213e-12,-4.0875
1.0335e-12,-1.191e-12,-8.6932,9.8458e-13,-1.1291e-12,-4.0913
1.0434e-12,-1.2023e-12,-8.7341,9.914e-13,-1.1369e-12,-4.095
1.0533e-12,-1.2137e-12,-8.7751,9.9824e-13,-1.1447e-12,-4.0986
1.0634e-12,-1.2252e-12,-8.8161,1.0051e-12,-1.1525e-12,-4.1022
1.0734e-12,-1.2367e-12,-8.8571,1.012e-12,-1.1604e-12,-4.1057
1.0836e-12,-1.2483e-12,-8.8982,1.0189e-12,-1.1683e-12,-4.1092
1.0938e-12,-1.2601e-12,-8.9393,1.0259e-12,-1.1763e-12,-4.1125
1.1041e-12,-1.2719e-12,-8.9804,1.0329e-12,-1.1842e-12,-4.1158
1.1144e-12,-1.2837e-12,-9.0216,1.0399e-12,-1.1923e-12,-4.119
1.1249e-12,-1.2957e-12,-9.0628,1.0469e-12,-1.2003e-12,-4.1222
1.1354e-12,-1.3077e-12,-9.104,1.054e-12,-1.2084e-12,-4.1253
1.1459e-12,-1.3198e-12,-9.1453,1.0611e-12,-1.2165e-12,-4.1283
1.1566e-12,-1.332e-12,-9.1866,1.0682e-12,-1.2246e-12,-4.1312
1.1673e-12,-1.3443e-12,-9.2279,1.0754e-12,-1.2328e-12,-4.134
1.1781e-12,-1.3567e-12,-9.2693,1.0826e-12,-1.241e-12,-4.1368
1.1889e-12,-1.3691e-12,-9.3107,1.0898e-12,-1.2492e-12,-4.1395
1.1999e-12,-1.3816e-12,-9.3521,1.097e-12,-1.2574e-12,-4.1422
1.2109e-12,-1.3943e-12,-9.3935,1.1043e-12,-1.2657e-12,-4.1448
1.2219e-12,-1.4069e-12,-9.435,1.1115e-12,-1.2741e-12,-4.1473
1.2331e-12,-1.4197e-12,-9.4765,1.1189e-12,-1.2824e-12,-4.1497
1.2443e-12,-1.4326e-12,-9.518,1.1262e-12,-1.2908e-12,-4.152
1.2556e-12,-1.4455e-12,-9.5595,1.1336e-12,-1.2992e-12,-4.1543
1.267e-12,-1.4585e-12,-9.601,1.141e-12,-1.3077e-12,-4.1565
1.2784e-12,-1.4717e-12,-9.6426,1.1484e-12,-1.3161e-12,-4.1586
1.2899e-12,-1.4849e-12,-9.6842,1.1558e-12,-1.3247e-12,-4.1607
1.3015e-12,-1.4981e-12,-9.7258,1.1633e-12,-1.3332e-12,-4.1627
1.3132e-12,-1.5115e-12,-9.7675,1.1708e-12,-1.3418e-12,-4.1646
1.3249e-12,-1.525e-12,-9.8091,1.1784e-12,-1.3504e-12,-4.1664
1.3367e-12,-1.5385e-12,-9.8508,1.1859e-12,-1.359e-12,-4.1682
1.3486e-12,-1.5521e-12,-9.8925,1.1935e-12,-1.3677e-12,-4.1699
1.3606e-12,-1.5658e-12,-9.9342,1.2011e-12,-1.3764e-12,-4.1715
1.3726e-12,-1.5796e-12,-9.9759,1.2088e-12,-1.3851e-12,-4.1731
1.3847e-12,-1.5935e-12,-10.018,1.2164e-12,-1.3939e-12,-4.1745
1.3969e-12,-1.6075e-12,-10.059,1.2241e-12,-1.4027e-12,-4.1759
1.4092e-12,-1.6216e-12,-10.101,1.2319e-12,-1.4115e-12,-4.1773
1.4216e-12,-1.6357e-12,-10.143,1.2396e-12,-1.4204e-12,-4.1785
1.434e-12,-1.6499e-12,-10.185,1.2474e-12,-1.4293e-12,-4.1797
1.4465e-12,-1.6643e-12,-10.227,1.2552e-12,-1.4382e-12,-4.1808
1.4591e-12,-1.6787e-12,-10.268,1.263e-12,-1.4471e-12,-4.1818
1.4717e-12,-1.6932e-12,-10.31,1.2709e-12,-1.4561e-12,-4.1828
1.4845e-12,-1.7078e-12,-10.352,1.2788e-12,-1.4651e-12,-4.1837
1.4973e-12,-1.7225e-12,-10.394,1.2867e-12,-1.4742e-12,-4.1845
1.5102e-12,-1.7373e-12,-10.436,1.2946e-12,-1.4832e-12,-4.1852
1.5232e-12,-1.7521e-12,-10.478,1.3026e-12,-1.4924e-12,-4.1859
1.5362e-12,-1.7671e-12,-10.519,1.3106e-12,-1.5015e-12,-4.1865
1.5494e-12,-1.7822e-12,-10.561,1.3186e-12,-1.5107e-12,-4.187
1.5626e-12,-1.7973e-12,-10.603,1.3266e-12,-1.5199e-12,-4.1875
1.5759e-12,-1.8125e-12,-10.645,1.3347e-12,-1.5291e-12,-4.1878
1.5893e-12,-1.8279e-12,-10.687,1.3428e-12,-1.5384e-12,-4.1881
1.6027e-12,-1.8433e-12,-10.729,1.3509e-12,-1.5477e-12,-4.1884
1.6163e-12,-1.8588e-12,-10.771,1.3591e-12,-1.557e-12,-4.1885
1.6299e-12,-1.8744e-12,-10.813,1.3673e-12,-1.5663e-12,-4.1886
1.6436e-12,-1.8901e-12,-10.854,1.3755e-12,-1.5757e-12,-4.1886
1.6574e-12,-1.9059e-12,-10.896,1.3837e-12,-1.5852e-12,-4.1886
1.6713e-12,-1.9218e-12,-10.938,1.392e-12,-1.5946e-12,-4.1884
1.6852e-12,-1.9378e-12,-10.98,1.4003e-12,-1.6041e-12,-4.1882
1.6993e-12,-1.9539e-12,-11.022,1.4086e-12,-1.6136e-12,-4.1879
1.7134e-12,-1.97e-12,-11.064,1.4169e-12,-1.6231e-12,-4.1876
1.7276e-12,-1.9863e-12,-11.106,1.4253e-12,-1.6327e-12,-4.1871
1.7419e-12,-2.0027e-12,-11.148,1.4337e-12,-1.6423e-12,-4.1866
1.7562e-12,-2.0191e-12,-11.189,1.4421e-12,-1.652e-12,-4.186
1.7707e-12,-2.0357e-12,-11.231,1.4505e-12,-1.6616e-12,-4.1854
1.7852e-12,-2.0524e-12,-11.273,1.459e-12,-1.6713e-12,-4.1847
1.7999e-12,-2.0691e-12,-11.315,1.4675e-12,-1.6811e-12,-4.1839
1.8146e-12,-2.086e-12,-11.357,1.476e-12,-1.6908e-12,-4.183
1.8294e-12,-2.1029e-12,-11.399,1.4846e-12,-1.7006e-12,-4.1821
1.8443e-12,-2.12e-12,-11.441,1.4932e-12,-1.7104e-12,-4.181
1.8592e-12,-2.1371e-12,-11.482,1.5018e-12,-1.7203e-12,-4.18
1.8743e-12,-2.1543e-12,-11.524,1.5104e-12,-1.7302e-12,-4.1788
1.8894e-12,-2.1717e-12,-11.566,1.5191e-12,-1.7401e-12,-4.1776
1.9046e-12,-2.1891e-12,-11.608,1.5277e-12,-1.7501e-12,-4.1763
1.92e-12,-2.2067e-12,-11.649,1.5364e-12,-1.76e-12,-4.1749
1.9354e-12,-2.2243e-12,-11.691,1.5452e-12,-1.77e-12,-4.1734
1.9508e-12,-2.2421e-12,-11.733,1.5539e-12,-1.7801e-12,-4.1719
1.9664e-12,-2.2599e-12,-11.775,1.5627e-12,-1.7902e-12,-4.1703
1.9821e-12,-2.2778e-12,-11.816,1.5715e-12,-1.8003e-12,-4.1687
1.9978e-12,-2.2959e-12,-11.858,1.5804e-12,-1.8104e-12,-4.1669
2.0137e-12,-2.314e-12,-11.9,1.5893e-12,-1.8206e-12,-4.1651
2.0296e-12,-2.3323e-12,-11.941,1.5981e-12,-1.8307e-12,-4.1632
2.0456e-12,-2.3506e-12,-11.983,1.6071e-12,-1.841e-12,-4.1613
2.0617e-12,-2.3691e-12,-12.024,1.616e-12,-1.8512e-12,-4.1592
2.0779e-12,-2.3876e-12,-12.066,1.625e-12,-1.8615e-12,-4.1571
2.0942e-12,-2.4063e-12,-12.108,1.634e-12,-1.8718e-12,-4.155
2.1106e-12,-2.4251e-12,-12.149,1.643e-12,-1.8822e-12,-4.1527
2.1271e-12,-2.4439e-12,-12.191,1.6521e-12,-1.8926e-12,-4.1504
2.1436e-12,-2.4629e-12,-12.232,1.6611e-12,-1.903e-12,-4.148
2.1603e-12,-2.482e-12,-12.274,1.6702e-12,-1.9134e-12,-4.1456
2.177e-12,-2.5012e-12,-12.315,1.6794e-12,-1.9239e-12,-4.1431
2.1938e-12,-2.5204e-12,-12.357,1.6885e-12,-1.9344e-12,-4.1405
2.2108e-12,-2.5398e-12,-12.398,1.6977e-12,-1.9449e-12,-4.1378
2.2278e-12,-2.5593e-12,-12.439,1.7069e-12,-1.9555e-12,-4.1351
2.2449e-12,-2.5789e-12,-12.481,1.7161e-12,-1.9661e-12,-4.1323
2.2621e-12,-2.5986e-12,-12.522,1.7254e-12,-1.9767e-12,-4.1294
2.2794e-12,-2.6184e-12,-12.563,1.7347e-12,-1.9874e-12,-4.1264
2.2968e-12,-2.6384e-12,-12.604,1.744e-12,-1.9981e-12,-4.1234
2.3143e-12,-2.6584e-12,-12.646,1.7533e-12,-2.0088e-12,-4.1203
2.3318e-12,-2.6785e-12,-12.687,1.7627e-12,-2.0195e-12,-4.1172
2.3495e-12,-2.6988e-12,-12.728,1.7721e-12,-2.0303e-12,-4.114
2.3673e-12,-2.7191e-12,-12.769,1.7815e-12,-2.0411e-12,-4.1107
2.3851e-12,-2.7396e-12,-12.81,1.7909e-12,-2.052e-12,-4.1073
2.4031e-12,-2.7601e-12,-12.851,1.8004e-12,-2.0629e-12,-4.1039
2.4211e-12,-2.7808e-12,-12.892,1.8099e-12,-2.0738e-12,-4.1003
2.4392e-12,-2.8016e-12,-12.933,1.8194e-12,-2.0847e-12,-4.0968
2.4575e-12,-2.8225e-12,-12.974,1.8289e-12,-2.0957e-12,-4.0931
2.4758e-12,-2.8435e-12,-13.015,1.8385e-12,-2.1067e-12,-4.0894
2.4942e-12,-2.8646e-12,-13.056,1.8481e-12,-2.1177e-12,-4.0856
2.5128e-12,-2.8858e-12,-13.097,1.8577e-12,-2.1288e-12,-4.0818
2.5314e-12,-2.9072e-12,-13.138,1.8674e-12,-2.1398e-12,-4.0779
2.5501e-12,-2.9286e-12,-13.178,1.877e-12,-2.151e-12,-4.0739
2.5689e-12,-2.9502e-12,-13.219,1.8867e-12,-2.1621e-12,-4.0698
2.5878e-12,-2.9718e-12,-13.26,1.8964e-12,-2.1733e-12,-4.0657
2.6068e-12,-2.9936e-12,-13.3,1.9062e-12,-2.1845e-12,-4.0615
2.6259e-12,-3.0155e-12,-13.341,1.916e-12,-2.1958e-12,-4.0573
2.6451e-12,-3.0375e-12,-13.382,1.9258e-12,-2.207e-12,-4.0529
2.6644e-12,-3.0596e-12,-13.422,1.9356e-12,-2.2183e-12,-4.0485
2.6838e-12,-3.0819e-12,-13.463,1.9454e-12,-2.2297e-12,-4.0441
2.7033e-12,-3.1042e-12,-13.503,1.9553e-12,-2.241e-12,-4.0396
2.7229e-12,-3.1267e-12,-13.543,1.9652e-12,-2.2524e-12,-4.035
2.7426e-12,-3.1492e-12,-13.584,1.9751e-12,-2.2639e-12,-4.0303
2.7624e-12,-3.1719e-12,-13.624,1.9851e-12,-2.2753e-12,-4.0256
2.7823e-12,-3.1947e-12,-13.664,1.9951e-12,-2.2868e-12,-4.0208
2.8023e-12,-3.2176e-12,-13.704,2.0051e-12,-2.2984e-12,-4.0159
2.8224e-12,-3.2407e-12,-13.745,2.0151e-12,-2.3099e-12,-4.011
2.8426e-12,-3.2638e-12,-13.785,2.0252e-12,-2.3215e-12,-4.006
2.8629e-12,-3.2871e-12,-13.825,2.0352e-12,-2.3331e-12,-4.001
2.8833e-12,-3.3105e-12,-13.865,2.0454e-12,-2.3448e-12,-3.9958
2.9038e-12,-3.334e-12,-13.905,2.0555e-12,-2.3564e-12,-3.9906
2.9244e-12,-3.3576e-12,-13.944,2.0656e-12,-2.3681e-12,-3.9854
2.9451e-12,-3.3813e-12,-13.984,2.0758e-12,-2.3799e-12,-3.9801
2.9659e-12,-3.4052e-12,-14.024,2.086e-12,-2.3917e-12,-3.9747
2.9868e-12,-3.4291e-12,-14.064,2.0963e-12,-2.4035e-12,-3.9693
3.0078e-12,-3.4532e-12,-14.103,2.1065e-12,-2.4153e-12,-3.9637
3.0289e-12,-3.4774e-12,-14.143,2.1168e-12,-2.4272e-12,-3.9582
3.0501e-12,-3.5017e-12,-14.183,2.1271e-12,-2.439e-12,-3.9525
3.0714e-12,-3.5262e-12,-14.222,2.1375e-12,-2.451e-12,-3.9468
3.0928e-12,-3.5507e-12,-14.262,2.1478e-12,-2.4629e-12,-3.9411
3.1144e-12,-3.5754e-12,-14.301,2.1582e-12,-2.4749e-12,-3.9352
3.136e-12,-3.6002e-12,-14.34,2.1686e-12,-2.4869e-12,-3.9294
3.1577e-12,-3.6251e-12,-14.379,2.1791e-12,-2.499e-12,-3.9234
3.1795e-12,-3.6502e-12,-14.419,2.1896e-12,-2.5111e-12,-3.9174
3.2015e-12,-3.6753e-12,-14.458,2.2e-12,-2.5232e-12,-3.9113
3.2235e-12,-3.7006e-12,-14.497,2.2106e-12,-2.5353e-12,-3.9052
3.2457e-12,-3.726e-12,-14.536,2.2211e-12,-2.5475e-12,-3.899
3.2679e-12,-3.7516e-12,-14.575,2.2317e-12,-2.5597e-12,-3.8927
3.2903e-12,-3.7772e-12,-14.614,2.2423e-12,-2.5719e-12,-3.8864
3.3128e-12,-3.803e-12,-14.653,2.2529e-12,-2.5842e-12,-3.88
3.3354e-12,-3.8289e-12,-14.691,2.2635e-12,-2.5965e-12,-3.8735
3.358e-12,-3.8549e-12,-14.73,2.2742e-12,-2.6088e-12,-3.867
3.3808e-12,-3.881e-12,-14.769,2.2849e-12,-2.6212e-12,-3.8605
3.4037e-12,-3.9073e-12,-14.807,2.2957e-12,-2.6336e-12,-3.8538
3.4267e-12,-3.9337e-12,-14.846,2.3064e-12,-2.646e-12,-3.8471
3.4498e-12,-3.9602e-12,-14.884,2.3172e-12,-2.6585e-12,-3.8404
3.473e-12,-3.9869e-12,-14.923,2.328e-12,-2.671e-12,-3.8336
3.4964e-12,-4.0136e-12,-14.961,2.3388e-12,-2.6835e-12,-3.8267
3.5198e-12,-4.0405e-12,-14.999,2.3497e-12,-2.696e-12,-3.8198
3.5434e-12,-4.0675e-12,-15.037,2.3606e-12,-2.7086e-12,-3.8128
3.567e-12,-4.0947e-12,-15.075,2.3715e-12,-2.7212e-12,-3.8058
3.5908e-12,-4.1219e-12,-15.113,2.3824e-12,-2.7339e-12,-3.7987
3.6146e-12,-4.1493e-12,-15.151,2.3934e-12,-2.7466e-12,-3.7915
3.6386e-12,-4.1768e-12,-15.189,2.4044e-12,-2.7593e-12,-3.7843
3.6627e-12,-4.2045e-12,-15.227,2.4154e-12,-2.772e-12,-3.777
3.6869e-12,-4.2323e-12,-15.265,2.4265e-12,-2.7848e-12,-3.7697
3.7112e-12,-4.2602e-12,-15.302,2.4375e-12,-2.7976e-12,-3.7623
3.7357e-12,-4.2882e-12,-15.34,2.4486e-12,-2.8104e-12,-3.7548
3.7602e-12,-4.3164e-12,-15.378,2.4598e-12,-2.8233e-12,-3.7473
3.7848e-12,-4.3447e-12,-15.415,2.4709e-12,-2.8362e-12,-3.7397
3.8096e-12,-4.3731e-12,-15.452,2.4821e-12,-2.8491e-12,-3.7321
3.8345e-12,-4.4016e-12,-15.49,2.4933e-12,-2.8621e-12,-3.7245
3.8594e-12,-4.4303e-12,-15.527,2.5045e-12,-2.8751e-12,-3.7167
3.8845e-12,-4.4591e-12,-15.564,2.5158e-12,-2.8881e-12,-3.7089
3.9098e-12,-4.488e-12,-15.601,2.5271e-12,-2.9012e-12,-3.7011
3.9351e-12,-4.5171e-12,-15.638,2.5384e-12,-2.9142e-12,-3.6932
3.9605e-12,-4.5463e-12,-15.675,2.5497e-12,-2.9274e-12,-3.6853
3.9861e-12,-4.5756e-12,-15.712,2.5611e-12,-2.9405e-12,-3.6773
4.0117e-12,-4.6051e-12,-15.748,2.5725e-12,-2.9537e-12,-3.6692
4.0375e-12,-4.6347e-12,-15.785,2.5839e-12,-2.9669e-12,-3.6611
4.0634e-12,-4.6644e-12,-15.822,2.5954e-12,-2.9802e-12,-3.6529
4.0894e-12,-4.6943e-12,-15.858,2.6069e-12,-2.9935e-12,-3.6447
4.1155e-12,-4.7243e-12,-15.895,2.6184e-12,-3.0068e-12,-3.6364
4.1417e-12,-4.7544e-12,-15.931,2.6299e-12,-3.0201e-12,-3.6281
4.1681e-12,-4.7847e-12,-15.967,2.6415e-12,-3.0335e-12,-3.6197
4.1946e-12,-4.8151e-12,-16.003,2.6531e-12,-3.0469e-12,-3.6113
4.2211e-12,-4.8456e-12,-16.039,2.6647e-12,-3.0603e-12,-3.6028
4.2478e-12,-4.8763e-12,-16.075,2.6764e-12,-3.0738e-12,-3.5943
4.2746e-12,-4.907e-12,-16.111,2.688e-12,-3.0873e-12,-3.5857
4.3016e-12,-4.938e-12,-16.147,2.6997e-12,-3.1009e-12,-3.5771
4.3286e-12,-4.9691e-12,-16.183,2.7115e-12,-3.1144e-12,-3.5684
4.3558e-12,-5.0003e-12,-16.218,2.7232e-12,-3.128e-12,-3.5596
4.3831e-12,-5.0316e-12,-16.254,2.735e-12,-3.1417e-12,-3.5509
4.4105e-12,-5.0631e-12,-16.289,2.7468e-12,-3.1553e-12,-3.542
4.438e-12,-5.0947e-12,-16.325,2.7587e-12,-3.169e-12,-3.5331
4.4656e-12,-5.1264e-12,-16.36,2.7706e-12,-3.1828e-12,-3.5242
4.4934e-12,-5.1583e-12,-16.395,2.7825e-12,-3.1965e-12,-3.5152
4.5213e-12,-5.1904e-12,-16.43,2.7944e-12,-3.2103e-12,-3.5062
4.5493e-12,-5.2225e-12,-16.465,2.8063e-12,-3.2242e-12,-3.4971
4.5774e-12,-5.2548e-12,-16.5,2.8183e-12,-3.238e-12,-3.488
4.6056e-12,-5.2873e-12,-16.535,2.8304e-12,-3.2519e-12,-3.4788
4.634e-12,-5.3198e-12,-16.57,2.8424e-12,-3.2659e-12,-3.4696
4.6625e-12,-5.3526e-12,-16.605,2.8545e-12,-3.2798e-12,-3.4603
4.6911e-12,-5.3854e-12,-16.639,2.8666e-12,-3.2938e-12,-3.451
4.7198e-12,-5.4184e-12,-16.674,2.8787e-12,-3.3078e-12,-3.4416
4.7486e-12,-5.4516e-12,-16.708,2.8909e-12,-3.3219e-12,-3.4322
4.7776e-12,-5.4848e-12,-16.742,2.9031e-12,-3.336e-12,-3.4228
4.8067e-12,-5.5183e-12,-16.776,2.9153e-12,-3.3501e-12,-3.4133
4.8359e-12,-5.5518e-12,-16.81,2.9275e-12,-3.3643e-12,-3.4037
4.8652e-12,-5.5855e-12,-16.844,2.9398e-12,-3.3785e-12,-3.3941
4.8947e-12,-5.6194e-12,-16.878,2.9521e-12,-3.3927e-12,-3.3845
4.9242e-12,-5.6534e-12,-16.912,2.9644e-12,-3.407e-12,-3.3748
4.9539e-12,-5.6875e-12,-16.946,2.9768e-12,-3.4213e-12,-3.3651
4.9838e-12,-5.7218e-12,-16.979,2.9892e-12,-3.4356e-12,-3.3553
5.0137e-12,-5.7562e-12,-17.013,3.0016e-12,-3.45e-12,-3.3455
5.0438e-12,-5.7908e-12,-17.046,3.0141e-12,-3.4644e-12,-3.3357
5.074e-12,-5.8255e-12,-17.08,3.0266e-12,-3.4788e-12,-3.3258
5.1043e-12,-5.8603e-12,-17.113,3.0391e-12,-3.4932e-12,-3.3158
5.1347e-12,-5.8953e-12,-17.146,3.0516e-12,-3.5077e-12,-3.3058
5.1653e-12,-5.9305e-12,-17.179,3.0642e-12,-3.5223e-12,-3.2958
5.196e-12,-5.9658e-12,-17.212,3.0768e-12,-3.5368e-12,-3.2858
5.2268e-12,-6.0012e-12,-17.245,3.0894e-12,-3.5514e-12,-3.2757
5.2578e-12,-6.0368e-12,-17.277,3.1021e-12,-3.5661e-12,-3.2655
5.2889e-12,-6.0725e-12,-17.31,3.1148e-12,-3.5807e-12,-3.2553
5.3201e-12,-6.1084e-12,-17.343,3.1275e-12,-3.5954e-12,-3.2451
5.3514e-12,-6.1444e-12,-17.375,3.1403e-12,-3.6102e-12,-3.2348
5.3829e-12,-6.1806e-12,-17.407,3.1531e-12,-3.6249e-12,-3.2245
5.4144e-12,-6.2169e-12,-17.439,3.1659e-12,-3.6397e-12,-3.2142
5.4462e-12,-6.2533e-12,-17.471,3.1787e-12,-3.6546e-12,-3.2038
5.478e-12,-6.29e-12,-17.503,3.1916e-12,-3.6694e-12,-3.1934
5.51e-12,-6.3267e-12,-17.535,3.2045e-12,-3.6843e-12,-3.1829
5.5421e-12,-6.3636e-12,-17.567,3.2174e-12,-3.6993e-12,-3.1724
5.5743e-12,-6.4007e-12,-17.599,3.2304e-12,-3.7142e-12,-3.1619
5.6067e-12,-6.4379e-12,-17.63,3.2434e-12,-3.7292e-12,-3.1513
5.6392e-12,-6.4753e-12,-17.662,3.2564e-12,-3.7443e-12,-3.1407
5.6718e-12,-6.5128e-12,-17.693,3.2695e-12,-3.7594e-12,-3.1301
5.7046e-12,-6.5504e-12,-17.724,3.2826e-12,-3.7745e-12,-3.1194
5.7374e-12,-6.5882e-12,-17.756,3.2957e-12,-3.7896e-12,-3.1087
5.7705e-12,-6.6262e-12,-17.787,3.3089e-12,-3.8048e-12,-3.0979
5.8036e-12,-6.6643e-12,-17.818,3.322e-12,-3.82e-12,-3.0871
5.8369e-12,-6.7026e-12,-17.848,3.3353e-12,-3.8353e-12,-3.0763
5.8703e-12,-6.741e-12,-17.879,3.3485e-12,-3.8506e-12,-3.0654
5.9038e-12,-6.7796e-12,-17.91,3.3618e-12,-3.8659e-12,-3.0545
5.9375e-12,-6.8183e-12,-17.94,3.3751e-12,-3.8812e-12,-3.0436
5.9713e-12,-6.8572e-12,-17.971,3.3885e-12,-3.8966e-12,-3.0327
6.0053e-12,-6.8962e-12,-18.001,3.4018e-12,-3.9121e-12,-3.0217
6.0394e-12,-6.9354e-12,-18.031,3.4152e-12,-3.9275e-12,-3.0107
6.0736e-12,-6.9748e-12,-18.061,3.4287e-12,-3.943e-12,-2.9996
6.1079e-12,-7.0143e-12,-18.091,3.4421e-12,-3.9585e-12,-2.9885
6.1424e-12,-7.0539e-12,-18.121,3.4557e-12,-3.9741e-12,-2.9774
6.177e-12,-7.0937e-12,-18.15,3.4692e-12,-3.9897e-12,-2.9662
6.2118e-12,-7.1337e-12,-18.18,3.4828e-12,-4.0054e-12,-2.9551
6.2467e-12,-7.1738e-12,-18.21,3.4964e-12,-4.021e-12,-2.9439
6.2817e-12,-7.2141e-12,-18.239,3.51e-12,-4.0368e-12,-2.9326
6.3168e-12,-7.2546e-12,-18.268,3.5237e-12,-4.0525e-12,-2.9213
6.3521e-12,-7.2952e-12,-18.297,3.5374e-12,-4.0683e-12,-2.91
6.3876e-12,-7.3359e-12,-18.326,3.5511e-12,-4.0841e-12,-2.8987
6.4232e-12,-7.3768e-12,-18.355,3.5649e-12,-4.1e-12,-2.8874
6.4589e-12,-7.4179e-12,-18.384,3.5786e-12,-4.1159e-12,-2.876
6.4947e-12,-7.4591e-12,-18.413,3.5925e-12,-4.1318e-12,-2.8646
6.5307e-12,-7.5005e-12,-18.441,3.6063e-12,-4.1478e-12,-2.8531
6.5668e-12,-7.5421e-12,-18.47,3.6202e-12,-4.1638e-12,-2.8416
6.6031e-12,-7.5838e-12,-18.498,3.6342e-12,-4.1798e-12,-2.8302
6.6395e-12,-7.6257e-12,-18.527,3.6481e-12,-4.1959e-12,-2.8186
6.676e-12,-7.6677e-12,-18.555,3.6621e-12,-4.212e-12,-2.8071
6.7127e-12,-7.7099e-12,-18.583,3.6762e-12,-4.2281e-12,-2.7955
6.7496e-12,-7.7522e-12,-18.611,3.6902e-12,-4.2443e-12,-2.7839
6.7865e-12,-7.7947e-12,-18.638,3.7043e-12,-4.2605e-12,-2.7723
6.8236e-12,-7.8374e-12,-18.666,3.7185e-12,-4.2768e-12,-2.7606
6.8609e-12,-7.8803e-12,-18.694,3.7326e-12,-4.2931e-12,-2.749
6.8983e-12,-7.9233e-12,-18.721,3.7468e-12,-4.3094e-12,-2.7373
6.9358e-12,-7.9664e-12,-18.748,3.761e-12,-4.3258e-12,-2.7256
6.9735e-12,-8.0098e-12,-18.776,3.7753e-12,-4.3422e-12,-2.7138
7.0113e-12,-8.0533e-12,-18.803,3.7896e-12,-4.3587e-12,-2.702
7.0493e-12,-8.0969e-12,-18.83,3.804e-12,-4.3751e-12,-2.6903
7.0874e-12,-8.1408e-12,-18.856,3.8183e-12,-4.3917e-12,-2.6784
7.1256e-12,-8.1848e-12,-18.883,3.8327e-12,-4.4082e-12,-2.6666
7.164e-12,-8.2289e-12,-18.91,3.8472e-12,-4.4248e-12,-2.6548
7.2025e-12,-8.2732e-12,-18.936,3.8616e-12,-4.4415e-12,-2.6429
7.2412e-12,-8.3177e-12,-18.963,3.8762e-12,-4.4581e-12,-2.631
7.2801e-12,-8.3624e-12,-18.989,3.8907e-12,-4.4749e-12,-2.6191
7.319e-12,-8.4072e-12,-19.015,3.9053e-12,-4.4916e-12,-2.6071
7.3582e-12,-8.4522e-12,-19.041,3.9199e-12,-4.5084e-12,-2.5952
7.3974e-12,-8.4974e-12,-19.067,3.9345e-12,-4.5252e-12,-2.5832
7.4368e-12,-8.5427e-12,-19.093,3.9492e-12,-4.5421e-12,-2.5712
7.4764e-12,-8.5882e-12,-19.118,3.9639e-12,-4.559e-12,-2.5592
7.5161e-12,-8.6339e-12,-19.144,3.9787e-12,-4.5759e-12,-2.5472
7.556e-12,-8.6797e-12,-19.169,3.9935e-12,-4.5929e-12,-2.5351
7.596e-12,-8.7257e-12,-19.195,4.0083e-12,-4.6099e-12,-2.5231
7.6361e-12,-8.7719e-12,-19.22,4.0232e-12,-4.627e-12,-2.511
7.6764e-12,-8.8182e-12,-19.245,4.0381e-12,-4.6441e-12,-2.4989
7.7169e-12,-8.8648e-12,-19.27,4.053e-12,-4.6612e-12,-2.4868
7.7575e-12,-8.9115e-12,-19.295,4.068e-12,-4.6784e-12,-2.4747
7.7982e-12,-8.9583e-12,-19.319,4.083e-12,-4.6956e-12,-2.4625
7.8391e-12,-9.0054e-12,-19.344,4.0981e-12,-4.7129e-12,-2.4504
7.8802e-12,-9.0526e-12,-19.368,4.1131e-12,-4.7302e-12,-2.4382
7.9214e-12,-9.1e-12,-19.393,4.1282e-12,-4.7475e-12,-2.426
7.9627e-12,-9.1475e-12,-19.417,4.1434e-12,-4.7649e-12,-2.4138
8.0042e-12,-9.1952e-12,-19.441,4.1586e-12,-4.7823e-12,-2.4016
8.0459e-12,-9.2431e-12,-19.465,4.1738e-12,-4.7998e-12,-2.3894
8.0877e-12,-9.2912e-12,-19.489,4.1891e-12,-4.8173e-12,-2.3771
8.1296e-12,-9.3395e-12,-19.512,4.2044e-12,-4.8348e-12,-2.3649
8.1718e-12,-9.3879e-12,-19.536,4.2197e-12,-4.8524e-12,-2.3526
8.214e-12,-9.4365e-12,-19.559,4.2351e-12,-4.87e-12,-2.3403
8.2565e-12,-9.4853e-12,-19.583,4.2505e-12,-4.8877e-12,-2.328
8.299e-12,-9.5343e-12,-19.606,4.266e-12,-4.9054e-12,-2.3157
8.3418e-12,-9.5834e-12,-19.629,4.2815e-12,-4.9231e-12,-2.3034
8.3846e-12,-9.6327e-12,-19.652,4.297e-12,-4.9409e-12,-2.2911
8.4277e-12,-9.6822e-12,-19.675,4.3126e-12,-4.9587e-12,-2.2788
8.4709e-12,-9.7319e-12,-19.698,4.3282e-12,-4.9766e-12,-2.2665
8.5142e-12,-9.7817e-12,-19.72,4.3438e-12,-4.9945e-12,-2.2541
8.5578e-12,-9.8317e-12,-19.743,4.3595e-12,-5.0124e-12,-2.2418
8.6014e-12,-9.882e-12,-19.765,4.3752e-12,-5.0304e-12,-2.2294
8.6452e-12,-9.9323e-12,-19.787,4.391e-12,-5.0484e-12,-2.217
8.6892e-12,-9.9829e-12,-19.809,4.4068e-12,-5.0665e-12,-2.2047
8.7334e-12,-1.0034e-11,-19.831,4.4226e-12,-5.0846e-12,-2.1923
8.7777e-12,-1.0085e-11,-19.853,4.4385e-12,-5.1028e-12,-2.1799
8.8221e-12,-1.0136e-11,-19.875,4.4544e-12,-5.1209e-12,-2.1675
8.8668e-12,-1.0187e-11,-19.897,4.4703e-12,-5.1392e-12,-2.1551
8.9115e-12,-1.0238e-11,-19.918,4.4863e-12,-5.1575e-12,-2.1427
8.9565e-12,-1.029e-11,-19.939,4.5024e-12,-5.1758e-12,-2.1303
9.0016e-12,-1.0342e-11,-19.961,4.5184e-12,-5.1941e-12,-2.1179
9.0468e-12,-1.0394e-11,-19.982,4.5345e-12,-5.2126e-12,-2.1055
9.0922e-12,-1.0446e-11,-20.003,4.5507e-12,-5.231e-12,-2.093
9.1378e-12,-1.0499e-11,-20.024,4.5669e-12,-5.2495e-12,-2.0806
9.1836e-12,-1.0551e-11,-20.044,4.5831e-12,-5.268e-12,-2.0682
9.2295e-12,-1.0604e-11,-20.065,4.5994e-12,-5.2866e-12,-2.0558
9.2756e-12,-1.0657e-11,-20.085,4.6157e-12,-5.3052e-12,-2.0433
9.3218e-12,-1.071e-11,-20.106,4.632e-12,-5.3239e-12,-2.0309
9.3682e-12,-1.0763e-11,-20.126,4.6484e-12,-5.3426e-12,-2.0185
9.4147e-12,-1.0817e-11,-20.146,4.6649e-12,-5.3614e-12,-2.006
9.4615e-12,-1.0871e-11,-20.166,4.6813e-12,-5.3801e-12,-1.9936
9.5084e-12,-1.0925e-11,-20.186,4.6978e-12,-5.399e-12,-1.9811
9.5554e-12,-1.0979e-11,-20.206,4.7144e-12,-5.4179e-12,-1.9687
9.6026e-12,-1.1033e-11,-20.225,4.731e-12,-5.4368e-12,-1.9563
9.65e-12,-1.1087e-11,-20.245,4.7476e-12,-5.4558e-12,-1.9438
9.6976e-12,-1.1142e-11,-20.264,4.7643e-12,-5.4748e-12,-1.9314
9.7453e-12,-1.1197e-11,-20.284,4.781e-12,-5.4938e-12,-1.919
9.7932e-12,-1.1252e-11,-20.303,4.7978e-12,-5.5129e-12,-1.9065
9.8413e-12,-1.1307e-11,-20.322,4.8146e-12,-5.5321e-12,-1.8941
9.8895e-12,-1.1362e-11,-20.341,4.8314e-12,-5.5513e-12,-1.8817
9.9379e-12,-1.1418e-11,-20.359,4.8483e-12,-5.5705e-12,-1.8693
9.9864e-12,-1.1474e-11,-20.378,4.8652e-12,-5.5898e-12,-1.8568
1.0035e-11,-1.153e-11,-20.396,4.8822e-12,-5.6091e-12,-1.8444
1.0084e-11,-1.1586e-11,-20.415,4.8992e-12,-5.6285e-12,-1.832
1.0133e-11,-1.1642e-11,-20.433,4.9163e-12,-5.6479e-12,-1.8196
1.0182e-11,-1.1699e-11,-20.451,4.9334e-12,-5.6674e-12,-1.8072
1.0232e-11,-1.1756e-11,-20.469,4.9505e-12,-5.6869e-12,-1.7948
1.0281e-11,-1.1813e-11,-20.487,4.9677e-12,-5.7065e-12,-1.7824
1.0331e-11,-1.187e-11,-20.505,4.9849e-12,-5.7261e-12,-1.7701
1.0381e-11,-1.1927e-11,-20.523,5.0022e-12,-5.7457e-12,-1.7577
1.0431e-11,-1.1985e-11,-20.54,5.0195e-12,-5.7654e-12,-1.7453
1.0481e-11,-1.2043e-11,-20.557,5.0369e-12,-5.7852e-12,-1.733
1.0532e-11,-1.21e-11,-20.575,5.0543e-12,-5.8049e-12,-1.7206
1.0583e-11,-1.2159e-11,-20.592,5.0717e-12,-5.8248e-12,-1.7083
1.0633e-11,-1.2217e-11,-20.609,5.0892e-12,-5.8447e-12,-1.6959
1.0684e-11,-1.2275e-11,-20.626,5.1067e-12,-5.8646e-12,-1.6836
1.0735e-11,-1.2334e-11,-20.643,5.1243e-12,-5.8846e-12,-1.6713
1.0787e-11,-1.2393e-11,-20.659,5.1419e-12,-5.9046e-12,-1.659
1.0838e-11,-1.2452e-11,-20.676,5.1596e-12,-5.9246e-12,-1.6467
1.089e-11,-1.2512e-11,-20.692,5.1773e-12,-5.9448e-12,-1.6344
1.0942e-11,-1.2571e-11,-20.708,5.1951e-12,-5.9649e-12,-1.6221
1.0994e-11,-1.2631e-11,-20.725,5.2129e-12,-5.9851e-12,-1.6099
1.1046e-11,-1.2691e-11,-20.741,5.2307e-12,-6.0054e-12,-1.5976
1.1098e-11,-1.2751e-11,-20.757,5.2486e-12,-6.0257e-12,-1.5854
1.1151e-11,-1.2811e-11,-20.772,5.2665e-12,-6.0461e-12,-1.5731
1.1204e-11,-1.2872e-11,-20.788,5.2845e-12,-6.0665e-12,-1.5609
1.1257e-11,-1.2933e-11,-20.804,5.3026e-12,-6.0869e-12,-1.5487
1.131e-11,-1.2994e-11,-20.819,5.3206e-12,-6.1074e-12,-1.5365
1.1363e-11,-1.3055e-11,-20.834,5.3387e-12,-6.128e-12,-1.5244
1.1417e-11,-1.3116e-11,-20.849,5.3569e-12,-6.1486e-12,-1.5122
1.147e-11,-1.3178e-11,-20.865,5.3751e-12,-6.1692e-12,-1.5001
1.1524e-11,-1.324e-11,-20.879,5.3934e-12,-6.1899e-12,-1.488
1.1578e-11,-1.3302e-11,-20.894,5.4117e-12,-6.2107e-12,-1.4758
1.1632e-11,-1.3364e-11,-20.909,5.43e-12,-6.2315e-12,-1.4637
1.1687e-11,-1.3426e-11,-20.924,5.4484e-12,-6.2523e-12,-1.4517
1.1741e-11,-1.3489e-11,-20.938,5.4669e-12,-6.2732e-12,-1.4396
1.1796e-11,-1.3552e-11,-20.952,5.4854e-12,-6.2942e-12,-1.4276
1.1851e-11,-1.3615e-11,-20.967,5.5039e-12,-6.3152e-12,-1.4155
1.1906e-11,-1.3678e-11,-20.981,5.5225e-12,-6.3362e-12,-1.4035
1.1961e-11,-1.3741e-11,-20.995,5.5411e-12,-6.3573e-12,-1.3915
1.2017e-11,-1.3805e-11,-21.008,5.5598e-12,-6.3784e-12,-1.3796
1.2073e-11,-1.3869e-11,-21.022,5.5786e-12,-6.3996e-12,-1.3676
1.2129e-11,-1.3933e-11,-21.036,5.5973e-12,-6.4209e-12,-1.3557
1.2185e-11,-1.3997e-11,-21.049,5.6162e-12,-6.4422e-12,-1.3438
1.2241e-11,-1.4062e-11,-21.063,5.635e-12,-6.4635e-12,-1.3319
1.2297e-11,-1.4127e-11,-21.076,5.654e-12,-6.4849e-12,-1.32
1.2354e-11,-1.4192e-11,-21.089,5.6729e-12,-6.5064e-12,-1.3081
1.2411e-11,-1.4257e-11,-21.102,5.692e-12,-6.5279e-12,-1.2963
1.2468e-11,-1.4322e-11,-21.115,5.711e-12,-6.5495e-12,-1.2845
1.2525e-11,-1.4388e-11,-21.128,5.7301e-12,-6.5711e-12,-1.2727
1.2582e-11,-1.4454e-11,-21.141,5.7493e-12,-6.5927e-12,-1.261
1.264e-11,-1.452e-11,-21.153,5.7685e-12,-6.6144e-12,-1.2492
1.2698e-11,-1.4586e-11,-21.165,5.7878e-12,-6.6362e-12,-1.2375
1.2756e-11,-1.4652e-11,-21.178,5.8071e-12,-6.658e-12,-1.2258
1.2814e-11,-1.4719e-11,-21.19,5.8265e-12,-6.6799e-12,-1.2141
1.2872e-11,-1.4786e-11,-21.202,5.8459e-12,-6.7018e-12,-1.2025
1.2931e-11,-1.4853e-11,-21.214,5.8654e-12,-6.7238e-12,-1.1909
1.2989e-11,-1.492e-11,-21.226,5.8849e-12,-6.7458e-12,-1.1793
1.3048e-11,-1.4988e-11,-21.238,5.9045e-12,-6.7679e-12,-1.1677
1.3108e-11,-1.5056e-11,-21.249,5.9241e-12,-6.79e-12,-1.1561
1.3167e-11,-1.5124e-11,-21.261,5.9438e-12,-6.8122e-12,-1.1446
1.3226e-11,-1.5192e-11,-21.272,5.9635e-12,-6.8345e-12,-1.1331
1.3286e-11,-1.526e-11,-21.283,5.9833e-12,-6.8568e-12,-1.1217
1.3346e-11,-1.5329e-11,-21.295,6.0031e-12,-6.8791e-12,-1.1102
1.3406e-11,-1.5398e-11,-21.306,6.023e-12,-6.9015e-12,-1.0988
1.3467e-11,-1.5467e-11,-21.317,6.0429e-12,-6.924e-12,-1.0874
1.3527e-11,-1.5537e-11,-21.327,6.0629e-12,-6.9465e-12,-1.0761
1.3588e-11,-1.5606e-11,-21.338,6.0829e-12,-6.9691e-12,-1.0648
1.3649e-11,-1.5676e-11,-21.349,6.103e-12,-6.9917e-12,-1.0535
1.371e-11,-1.5746e-11,-21.359,6.1231e-12,-7.0144e-12,-1.0422
1.3771e-11,-1.5816e-11,-21.37,6.1433e-12,-7.0371e-12,-1.0309
1.3833e-11,-1.5887e-11,-21.38,6.1636e-12,-7.0599e-12,-1.0197
1.3894e-11,-1.5957e-11,-21.39,6.1839e-12,-7.0828e-12,-1.0086
1.3956e-11,-1.6028e-11,-21.4,6.2042e-12,-7.1057e-12,-0.99742
1.4019e-11,-1.6099e-11,-21.41,6.2246e-12,-7.1286e-12,-0.9863
1.4081e-11,-1.6171e-11,-21.42,6.2451e-12,-7.1516e-12,-0.97522
1.4143e-11,-1.6243e-11,-21.429,6.2656e-12,-7.1747e-12,-0.96417
1.4206e-11,-1.6314e-11,-21.439,6.2862e-12,-7.1978e-12,-0.95315
1.4269e-11,-1.6386e-11,-21.448,6.3068e-12,-7.221e-12,-0.94216
1.4332e-11,-1.6459e-11,-21.458,6.3274e-12,-7.2443e-12,-0.93121
1.4396e-11,-1.6531e-11,-21.467,6.3482e-12,-7.2676e-12,-0.92029
1.4459e-11,-1.6604e-11,-21.476,6.369e-12,-7.2909e-12,-0.9094
1.4523e-11,-1.6677e-11,-21.485,6.3898e-12,-7.3143e-12,-0.89855
1.4587e-11,-1.675e-11,-21.494,6.4107e-12,-7.3378e-12,-0.88773
1.4651e-11,-1.6824e-11,-21.503,6.4316e-12,-7.3613e-12,-0.87695
1.4716e-11,-1.6898e-11,-21.512,6.4526e-12,-7.3849e-12,-0.8662
1.478e-11,-1.6972e-11,-21.52,6.4737e-12,-7.4086e-12,-0.85549
1.4845e-11,-1.7046e-11,-21.529,6.4948e-12,-7.4323e-12,-0.84481
1.491e-11,-1.712e-11,-21.537,6.516e-12,-7.456e-12,-0.83417
1.4975e-11,-1.7195e-11,-21.546,6.5372e-12,-7.4798e-12,-0.82357
1.5041e-11,-1.727e-11,-21.554,6.5585e-12,-7.5037e-12,-0.813
1.5107e-11,-1.7345e-11,-21.562,6.5798e-12,-7.5277e-12,-0.80247
1.5173e-11,-1.742e-11,-21.57,6.6012e-12,-7.5517e-12,-0.79198
1.5239e-11,-1.7496e-11,-21.578,6.6227e-12,-7.5757e-12,-0.78152
1.5305e-11,-1.7572e-11,-21.585,6.6442e-12,-7.5998e-12,-0.77111
1.5372e-11,-1.7648e-11,-21.593,6.6657e-12,-7.624e-12,-0.76073
1.5438e-11,-1.7724e-11,-21.601,6.6874e-12,-7.6482e-12,-0.75039
1.5505e-11,-1.7801e-11,-21.608,6.709e-12,-7.6725e-12,-0.74009
1.5572e-11,-1.7878e-11,-21.615,6.7308e-12,-7.6969e-12,-0.72983
1.564e-11,-1.7955e-11,-21.623,6.7526e-12,-7.7213e-12,-0.71961
1.5708e-11,-1.8032e-11,-21.63,6.7744e-12,-7.7458e-12,-0.70943
1.5775e-11,-1.811e-11,-21.637,6.7963e-12,-7.7703e-12,-0.69929
1.5843e-11,-1.8188e-11,-21.644,6.8183e-12,-7.7949e-12,-0.68919
1.5912e-11,-1.8266e-11,-21.651,6.8403e-12,-7.8196e-12,-0.67914
1.598e-11,-1.8344e-11,-21.657,6.8624e-12,-7.8443e-12,-0.66912
1.6049e-11,-1.8423e-11,-21.664,6.8846e-12,-7.8691e-12,-0.65915
1.6118e-11,-1.8501e-11,-21.671,6.9068e-12,-7.8939e-12,-0.64922
1.6187e-11,-1.858e-11,-21.677,6.929e-12,-7.9188e-12,-0.63933
1.6257e-11,-1.866e-11,-21.683,6.9513e-12,-7.9438e-12,-0.62948
1.6326e-11,-1.8739e-11,-21.69,6.9737e-12,-7.9688e-12,-0.61968
1.6396e-11,-1.8819e-11,-21.696,6.9962e-12,-7.9939e-12,-0.60992
1.6466e-11,-1.8899e-11,-21.702,7.0187e-12,-8.019e-12,-0.6002
1.6536e-11,-1.898e-11,-21.708,7.0412e-12,-8.0442e-12,-0.59053
1.6607e-11,-1.906e-11,-21.714,7.0639e-12,-8.0695e-12,-0.5809
1.6678e-11,-1.9141e-11,-21.719,7.0865e-12,-8.0949e-12,-0.57132
1.6749e-11,-1.9222e-11,-21.725,7.1093e-12,-8.1203e-12,-0.56178
1.682e-11,-1.9303e-11,-21.731,7.1321e-12,-8.1457e-12,-0.55229
1.6891e-11,-1.9385e-11,-21.736,7.155e-12,-8.1713e-12,-0.54285
1.6963e-11,-1.9467e-11,-21.741,7.1779e-12,-8.1969e-12,-0.53345
1.7035e-11,-1.9549e-11,-21.747,7.2009e-12,-8.2225e-12,-0.52409
1.7107e-11,-1.9631e-11,-21.752,7.2239e-12,-8.2482e-12,-0.51479
1.7179e-11,-1.9714e-11,-21.757,7.247e-12,-8.274e-12,-0.50553
1.7252e-11,-1.9797e-11,-21.762,7.2702e-12,-8.2999e-12,-0.49632
1.7325e-11,-1.988e-11,-21.767,7.2935e-12,-8.3258e-12,-0.48715
1.7398e-11,-1.9963e-11,-21.772,7.3168e-12,-8.3518e-12,-0.47803
1.7471e-11,-2.0047e-11,-21.776,7.3401e-12,-8.3778e-12,-0.46897
1.7545e-11,-2.0131e-11,-21.781,7.3635e-12,-8.4039e-12,-0.45994
1.7618e-11,-2.0215e-11,-21.786,7.387e-12,-8.4301e-12,-0.45097
1.7692e-11,-2.0299e-11,-21.79,7.4106e-12,-8.4563e-12,-0.44205
1.7767e-11,-2.0384e-11,-21.795,7.4342e-12,-8.4826e-12,-0.43318
1.7841e-11,-2.0469e-11,-21.799,7.4579e-12,-8.509e-12,-0.42436
1.7916e-11,-2.0554e-11,-21.803,7.4816e-12,-8.5355e-12,-0.41558
1.7991e-11,-2.064e-11,-21.807,7.5054e-12,-8.562e-12,-0.40686
1.8066e-11,-2.0725e-11,-21.811,7.5293e-12,-8.5885e-12,-0.39819
1.8141e-11,-2.0811e-11,-21.815,7.5532e-12,-8.6152e-12,-0.38957
1.8217e-11,-2.0898e-11,-21.819,7.5772e-12,-8.6419e-12,-0.381
1.8293e-11,-2.0984e-11,-21.823,7.6013e-12,-8.6686e-12,-0.37248
1.8369e-11,-2.1071e-11,-21.826,7.6254e-12,-8.6955e-12,-0.36401
1.8445e-11,-2.1158e-11,-21.83,7.6496e-12,-8.7224e-12,-0.3556
1.8522e-11,-2.1246e-11,-21.834,7.6739e-12,-8.7494e-12,-0.34723
1.8599e-11,-2.1333e-11,-21.837,7.6982e-12,-8.7764e-12,-0.33893
1.8676e-11,-2.1421e-11,-21.84,7.7226e-12,-8.8035e-12,-0.33067
1.8753e-11,-2.1509e-11,-21.844,7.7471e-12,-8.8307e-12,-0.32246
1.8831e-11,-2.1598e-11,-21.847,7.7716e-12,-8.8579e-12,-0.31431
1.8909e-11,-2.1686e-11,-21.85,7.7962e-12,-8.8853e-12,-0.30622
1.8987e-11,-2.1775e-11,-21.853,7.8208e-12,-8.9126e-12,-0.29818
1.9065e-11,-2.1865e-11,-21.856,7.8455e-12,-8.9401e-12,-0.29019
1.9144e-11,-2.1954e-11,-21.859,7.8703e-12,-8.9676e-12,-0.28226
1.9222e-11,-2.2044e-11,-21.861,7.8952e-12,-8.9952e-12,-0.27438
1.9301e-11,-2.2134e-11,-21.864,7.9201e-12,-9.0229e-12,-0.26655
1.9381e-11,-2.2224e-11,-21.867,7.9451e-12,-9.0506e-12,-0.25879
1.946e-11,-2.2315e-11,-21.869,7.9702e-12,-9.0784e-12,-0.25107
1.954e-11,-2.2406e-11,-21.872,7.9953e-12,-9.1063e-12,-0.24342
1.962e-11,-2.2497e-11,-21.874,8.0205e-12,-9.1342e-12,-0.23582
1.9701e-11,-2.2589e-11,-21.877,8.0458e-12,-9.1622e-12,-0.22827
1.9781e-11,-2.268e-11,-21.879,8.0711e-12,-9.1903e-12,-0.22079
1.9862e-11,-2.2773e-11,-21.881,8.0965e-12,-9.2184e-12,-0.21336
1.9943e-11,-2.2865e-11,-21.883,8.122e-12,-9.2467e-12,-0.20598
2.0024e-11,-2.2957e-11,-21.885,8.1475e-12,-9.275e-12,-0.19867
2.0106e-11,-2.305e-11,-21.887,8.1731e-12,-9.3033e-12,-0.19141
2.0188e-11,-2.3144e-11,-21.889,8.1988e-12,-9.3318e-12,-0.18421
2.027e-11,-2.3237e-11,-21.891,8.2245e-12,-9.3603e-12,-0.17707
2.0352e-11,-2.3331e-11,-21.892,8.2503e-12,-9.3888e-12,-0.16999
2.0435e-11,-2.3425e-11,-21.894,8.2762e-12,-9.4175e-12,-0.16297
2.0518e-11,-2.3519e-11,-21.896,8.3022e-12,-9.4462e-12,-0.156
2.0601e-11,-2.3614e-11,-21.897,8.3282e-12,-9.475e-12,-0.1491
2.0685e-11,-2.3709e-11,-21.899,8.3543e-12,-9.5039e-12,-0.14225
2.0768e-11,-2.3804e-11,-21.9,8.3805e-12,-9.5328e-12,-0.13546
2.0852e-11,-2.3899e-11,-21.901,8.4067e-12,-9.5619e-12,-0.12874
2.0936e-11,-2.3995e-11,-21.903,8.433e-12,-9.5909e-12,-0.12207
2.1021e-11,-2.4091e-11,-21.904,8.4594e-12,-9.6201e-12,-0.11547
2.1106e-11,-2.4187e-11,-21.905,8.4859e-12,-9.6493e-12,-0.10892
2.1191e-11,-2.4284e-11,-21.906,8.5124e-12,-9.6786e-12,-0.10244
2.1276e-11,-2.4381e-11,-21.907,8.539e-12,-9.708e-12,-0.096014
2.1361e-11,-2.4478e-11,-21.908,8.5657e-12,-9.7375e-12,-0.089652
2.1447e-11,-2.4576e-11,-21.909,8.5924e-12,-9.767e-12,-0.083353
2.1533e-11,-2.4674e-11,-21.91,8.6192e-12,-9.7966e-12,-0.077115
2.1619e-11,-2.4772e-11,-21.91,8.6461e-12,-9.8263e-12,-0.070939
2.1706e-11,-2.487e-11,-21.911,8.6731e-12,-9.8561e-12,-0.064826
2.1793e-11,-2.4969e-11,-21.912,8.7001e-12,-9.8859e-12,-0.058775
2.188e-11,-2.5068e-11,-21.912,8.7272e-12,-9.9158e-12,-0.052786
2.1967e-11,-2.5167e-11,-21.913,8.7544e-12,-9.9458e-12,-0.046861
2.2055e-11,-2.5267e-11,-21.913,8.7817e-12,-9.9758e-12,-0.040999
2.2143e-11,-2.5367e-11,-21.914,8.809e-12,-1.0006e-11,-0.035201
2.2231e-11,-2.5467e-11,-21.914,8.8364e-12,-1.0036e-11,-0.029465
2.232e-11,-2.5567e-11,-21.914,8.8639e-12,-1.0066e-11,-0.023794
2.2409e-11,-2.5668e-11,-21.914,8.8915e-12,-1.0097e-11,-0.018187
2.2498e-11,-2.5769e-11,-21.914,8.9191e-12,-1.0127e-11,-0.012644
2.2587e-11,-2.5871e-11,-21.915,8.9468e-12,-1.0158e-11,-0.0071654
2.2677e-11,-2.5972e-11,-21.915,8.9746e-12,-1.0188e-11,-0.0017514
2.2766e-11,-2.6074e-11,-21.915,9.0024e-12,-1.0219e-11,0.0035977
2.2857e-11,-2.6177e-11,-21.915,9.0304e-12,-1.025e-11,0.0088817
2.2947e-11,-2.6279e-11,-21.914,9.0584e-12,-1.0281e-11,0.014101
2.3038e-11,-2.6382e-11,-21.914,9.0864e-12,-1.0312e-11,0.019254
2.3129e-11,-2.6486e-11,-21.914,9.1146e-12,-1.0343e-11,0.024342
2.322e-11,-2.6589e-11,-21.914,9.1428e-12,-1.0374e-11,0.029364
2.3312e-11,-2.6693e-11,-21.913,9.1712e-12,-1.0405e-11,0.03432
2.3404e-11,-2.6797e-11,-21.913,9.1995e-12,-1.0436e-11,0.039209
2.3496e-11,-2.6902e-11,-21.913,9.228e-12,-1.0467e-11,0.044033
2.3588e-11,-2.7007e-11,-21.912,9.2566e-12,-1.0499e-11,0.04879
2.3681e-11,-2.7112e-11,-21.912,9.2852e-12,-1.053e-11,0.05348
2.3774e-11,-2.7217e-11,-21.911,9.3139e-12,-1.0562e-11,0.058103
2.3867e-11,-2.7323e-11,-21.911,9.3426e-12,-1.0593e-11,0.062659
2.3961e-11,-2.7429e-11,-21.91,9.3715e-12,-1.0625e-11,0.067148
2.4055e-11,-2.7536e-11,-21.909,9.4004e-12,-1.0657e-11,0.071569
2.4149e-11,-2.7642e-11,-21.908,9.4294e-12,-1.0688e-11,0.075923
2.4243e-11,-2.7749e-11,-21.908,9.4585e-12,-1.072e-11,0.080209
2.4338e-11,-2.7857e-11,-21.907,9.4877e-12,-1.0752e-11,0.084427
2.4433e-11,-2.7964e-11,-21.906,9.5169e-12,-1.0785e-11,0.088577
2.4528e-11,-2.8072e-11,-21.905,9.5462e-12,-1.0817e-11,0.092659
2.4624e-11,-2.8181e-11,-21.904,9.5756e-12,-1.0849e-11,0.096672
2.472e-11,-2.8289e-11,-21.903,9.6051e-12,-1.0881e-11,0.10062
2.4816e-11,-2.8398e-11,-21.902,9.6347e-12,-1.0914e-11,0.10449
2.4912e-11,-2.8508e-11,-21.901,9.6643e-12,-1.0946e-11,0.1083
2.5009e-11,-2.8617e-11,-21.9,9.694e-12,-1.0979e-11,0.11204
2.5106e-11,-2.8727e-11,-21.899,9.7238e-12,-1.1011e-11,0.11571
2.5204e-11,-2.8838e-11,-21.898,9.7537e-12,-1.1044e-11,0.11931
2.5301e-11,-2.8948e-11,-21.896,9.7837e-12,-1.1077e-11,0.12284
2.5399e-11,-2.9059e-11,-21.895,9.8137e-12,-1.111e-11,0.1263
2.5498e-11,-2.917e-11,-21.894,9.8438e-12,-1.1143e-11,0.12969
2.5596e-11,-2.9282e-11,-21.893,9.874e-12,-1.1176e-11,0.13301
2.5695e-11,-2.9394e-11,-21.891,9.9043e-12,-1.1209e-11,0.13626
2.5794e-11,-2.9506e-11,-21.89,9.9346e-12,-1.1242e-11,0.13944
2.5894e-11,-2.9619e-11,-21.888,9.9651e-12,-1.1276e-11,0.14255
2.5994e-11,-2.9732e-11,-21.887,9.9956e-12,-1.1309e-11,0.14559
2.6094e-11,-2.9845e-11,-21.886,1.0026e-11,-1.1343e-11,0.14855
2.6194e-11,-2.9958e-11,-21.884,1.0057e-11,-1.1376e-11,0.15145
2.6295e-11,-3.0072e-11,-21.883,1.0088e-11,-1.141e-11,0.15428
2.6396e-11,-3.0187e-11,-21.881,1.0118e-11,-1.1443e-11,0.15704
2.6497e-11,-3.0301e-11,-21.879,1.0149e-11,-1.1477e-11,0.15972
2.6599e-11,-3.0416e-11,-21.878,1.018e-11,-1.1511e-11,0.16234
2.6701e-11,-3.0532e-11,-21.876,1.0211e-11,-1.1545e-11,0.16488
2.6803e-11,-3.0647e-11,-21.874,1.0243e-11,-1.1579e-11,0.16735
2.6906e-11,-3.0763e-11,-21.873,1.0274e-11,-1.1613e-11,0.16975
2.7009e-11,-3.0879e-11,-21.871,1.0305e-11,-1.1648e-11,0.17208
2.7112e-11,-3.0996e-11,-21.869,1.0337e-11,-1.1682e-11,0.17433
2.7215e-11,-3.1113e-11,-21.868,1.0368e-11,-1.1716e-11,0.17652
2.7319e-11,-3.123e-11,-21.866,1.04e-11,-1.1751e-11,0.17863
2.7423e-11,-3.1348e-11,-21.864,1.0431e-11,-1.1786e-11,0.18067
2.7528e-11,-3.1466e-11,-21.862,1.0463e-11,-1.182e-11,0.18264
2.7633e-11,-3.1584e-11,-21.86,1.0495e-11,-1.1855e-11,0.18453
2.7738e-11,-3.1703e-11,-21.858,1.0527e-11,-1.189e-11,0.18636
2.7843e-11,-3.1822e-11,-21.857,1.0559e-11,-1.1925e-11,0.18811
2.7949e-11,-3.1942e-11,-21.855,1.0591e-11,-1.196e-11,0.18979
2.8055e-11,-3.2061e-11,-21.853,1.0623e-11,-1.1995e-11,0.19139
2.8161e-11,-3.2182e-11,-21.851,1.0655e-11,-1.203e-11,0.19293
2.8268e-11,-3.2302e-11,-21.849,1.0688e-11,-1.2065e-11,0.19439
2.8375e-11,-3.2423e-11,-21.847,1.072e-11,-1.2101e-11,0.19578
